season,celebrity_name,week1_fan_vote,week2_fan_vote,week3_fan_vote,week4_fan_vote,week5_fan_vote,week6_fan_vote,week7_fan_vote,week8_fan_vote,week9_fan_vote,week10_fan_vote,week11_fan_vote
1,Evander Holyfield,,0.34582925292624384,0.30094028916973303,,,,,,,,
1,Joey McIntyre,,0.14261860659223044,0.19454790331667668,,0.3283877941341872,,,,,,
1,John O'Hurley,,0.17787424295510032,0.18608807382069634,,0.2543796317619136,0.400222935498544,,,,,
1,Kelly Monaco,,0.2804937756849977,0.3184237336928951,,0.41723257410389947,0.5997770645014554,,,,,
1,Trista Sutter,,0.0531841218414265,,,,,,,,,
2,Drew Lachey,0.10940111475852717,0.12952798052884607,,0.12219507978308808,0.14790777252796303,0.19362207309180285,0.23249295941228065,0.34057880222839476,,,
2,George Hamilton,0.15538200838722135,0.13666284001299392,,0.1818437680781699,0.2115041634417604,0.15091260763321912,,,,,
2,Jerry Rice,0.10789153924060452,0.14256604605000744,,0.15085363011676683,0.19406419322544055,0.261395186449371,0.3547922666948123,0.43747747614824717,,,
2,Kenny Mayne,0.03554778108688199,,,,,,,,,,
2,Lisa Rinna,0.13019361052957484,0.13219152885793894,,0.14199075248909196,0.16999332491220873,0.21611724347971573,0.18991372657046118,,,,
2,Master P,0.14935524199689745,0.1658290626224519,,0.10734777226739718,,,,,,,
2,Stacy Keibler,0.08793797856098838,0.1111688932902914,,0.13506321154351664,0.15213859392215778,0.17795288934589112,0.22280104732244704,0.2219437216233577,,,
2,Tatum O'Neal,0.12241339126786072,0.05929126625595365,,,,,,,,,
2,Tia Carrere,0.10187733417144355,0.12276238238151785,,0.16070578572197,0.12439195197046873,,,,,,
3,Emmitt Smith,0.1351100486775638,0.1492168406412342,0.1650210570532383,0.2043354202096505,0.23296235781849106,,,0.30317213703319795,0.382723956177526,0.6262825442903485,
3,Harry Hamlin,0.11644541994101548,0.12696724770918663,0.058001820642023416,,,,,,,,
3,Joey Lawrence,0.10606587680148559,0.122328423758489,0.15701256884979437,0.16726717802420854,0.20920678084360164,,,0.2865677412260073,0.312585529293938,,
3,Mario Lopez,0.10949711467540446,0.12383512039919585,0.15216484678085374,0.17195158842801953,0.2119857826559848,,,0.26019721214102354,0.30469051452853624,0.3737174557096515,
3,Monique Coleman,0.1450166118295445,0.15661223599123378,0.14834530011079727,0.19884672087345512,0.2518823613488149,,,0.15006290959977306,,,
3,Shanna Moakler,0.1293285830741727,0.05108832677737646,,,,,,,,,
3,Tucker Carlson,0.037197806120481146,,,,,,,,,,
3,Vivica A. Fox,0.0956166236573866,0.12797747772818907,0.1611598968402512,0.0809199299943025,,,,,,,
3,Willa Ford,0.12572191522294576,0.14197432699509546,0.15829450972304263,0.17667916247036433,0.09396271733310739,,,,,,
4,Apolo Anton Ohno,,,0.09376442424419851,0.11177896347209983,0.125059931821166,,0.16908887246925672,0.21888931092786257,0.2901104653481186,0.4777509733962778,
4,Billy Ray Cyrus,,,0.13382884434597545,0.13376709844086904,0.16806268194110938,,0.2041334886708314,0.13604461984587388,,,
4,Clyde Drexler,,,0.11870804319827202,0.15647757562994868,0.09105488414195008,,,,,,
4,Ian Ziering,,,0.13724359205003211,0.1244486425543701,0.14651308391691523,,0.176580463465817,0.2125917005055243,0.1427928276927693,,
4,Joey Fatone,,,0.1138228968462885,0.12479871409984883,0.14937893623445556,,0.1737255982337452,0.22005480115476944,0.2881368131497568,0.30933142141948256,
4,John Ratzenberger,,,0.11603312279701353,0.15589877223568788,0.16756077452264295,,0.08911198376716299,,,,
4,Laila Ali,,,0.1191557977271696,0.13053049177019274,0.15236970742176006,,0.18735959339318536,0.21241956756596925,0.2789598938093557,0.2129176051842393,
4,Leeza Gibbons,,,0.14719015047107914,0.06229974179698233,,,,,,,
4,Shandi Finnessey,,,0.020253128319970056,,,,,,,,
5,Albert Reed,0.12135444164622364,0.05380556954407485,,,,,,,,,
5,Floyd Mayweather Jr.,0.14134794205729123,0.14410661623091164,0.19200747404238627,0.11866764597220715,,,,,,,
5,Jennie Garth,0.15341329106267546,0.15619618178669897,0.17699387344642514,0.22084619365504576,0.2832675531619786,0.41303422333172896,,,0.3909381715335126,,
5,Josie Maran,0.03343606887057215,,,,,,,,,,
5,Marie Osmond,0.1432299832652726,0.16113439164973958,0.18161237130169325,0.2137791838551968,0.2994470939969263,0.3828126971091196,,,0.6090618284664868,,
5,Mark Cuban,0.13670972409857718,0.1681944194967903,0.1918339768568766,0.2606130930910517,0.16590662582780624,,,,,,
5,Sabrina Bryan,0.12185633442899035,0.13782210331698197,0.16136587603131156,0.186093883426498,0.2513787270132897,0.20415307955915213,,,,,
5,Wayne Newton,0.14865221457039715,0.17874071797480323,0.09618642832130676,,,,,,,,
6,Adam Carolla,,0.10057372850215411,0.11259381403109046,0.06151704296998099,,,,,,,
6,Jason Taylor,,0.1320369520979749,0.13397210299904286,0.1429178164382758,0.1563098620053687,0.18209372098322293,0.22423051904259114,0.27743031174506655,0.4289928654512853,0.4114010450317677,
6,Kristi Yamaguchi,,0.10574899250901804,0.13563607169508607,0.1335555271405896,0.16335971221488962,0.18569474245326184,0.2304897842586808,0.28848175141152377,0.35354482518589814,0.5885989549682324,
6,Mario,,0.1111570000617672,0.11796258956010207,0.13515234982673774,0.1379775760641554,0.16632993975299135,0.21633980206979797,0.14162743808839523,,,
6,Marissa Jaret Winokur,,0.11547174671111737,0.13317571581151336,0.143405919641668,0.1503558367127469,0.18606514674557678,0.2289792122293938,0.2924604987550155,0.21746230936281677,,
6,Marlee Matlin,,0.11218005296251585,0.12642572598726348,0.1324875613223159,0.1669076963188471,0.09071046783236805,,,,,
6,Penn Jillette,,0.026838476319250036,,,,,,,,,
6,Priscilla Presley,,0.09526059798031346,0.09700101122877117,0.13705262417203917,0.06911058459903426,,,,,,
6,Shannon Elizabeth,,0.08454171810906384,0.10184913530347256,0.1139111584883929,0.1559787320849586,0.18910598223257932,0.09996068239953669,,,,
6,Steve Guttenberg,,0.11619073474682551,0.04138383338365854,,,,,,,,
7,Brooke Burke,0.077664900389555,0.08466514896198875,,0.10435402840538843,0.12611363971770612,0.13276228405870424,0.1598237294013553,0.21975996218971217,0.28228704585457565,0.46507421400742577,
7,Cloris Leachman,0.080790909831423,0.1009563175151327,,0.10324439246152103,0.126117167355987,0.07767859158394567,,,,,
7,Cody Linley,0.12469837767475596,0.11901681666295783,,0.12225542118262124,0.12039960051915258,0.15051261056358337,0.19343122204280846,0.23784207818302525,0.15285608780423393,,
7,Jeffrey Ross,0.041876274138841624,,,,,,,,,,
7,Kim Kardashian,0.11698106318706028,0.04797835502626131,,,,,,,,,
7,Lance Bass,0.0998173261939447,0.0978187134514986,,0.12704805438331931,0.14163551923435078,0.15925067587684746,0.18462200272965315,0.23043515258906555,0.29175211236138415,0.22025892157505766,
7,Maurice Greene,0.1090048858665459,0.13174331226236824,,0.13430006414114604,0.15488779238765918,0.16994165849124634,0.1905963645921939,0.10190261029740867,,,
7,Rocco DiSpirito,0.07738957096627491,0.11553240194083983,,0.05414562323959741,,,,,,,
7,Susan Lucci,0.08990345287655863,0.11596892419943736,,0.1127911399233647,0.150172809101561,0.1590882661465871,0.0763484614842486,,,,
7,Ted McGinley,0.024380799650775324,,,,,,,,,,
7,Toni Braxton,0.0849498980861565,0.10058695943058893,,0.12843763578714765,0.057244938499080966,,,,,,
7,Warren Sapp,0.07254254113810826,0.08573305054892681,,0.11342364047589407,0.12342853318450304,0.15076591327908623,0.19517821974974037,0.21006019674078807,0.2731047539798079,0.3146668644175154,
8,Belinda Carlisle,,0.022391595781789744,,,,,,,,,
8,Chuck Wicks,,0.09256370882081692,0.0991027891510863,0.12457771931335353,0.159361461374019,,0.16782014144031854,0.10133432433302536,,,
8,David Alan Grier,,0.08700052300842087,0.11845661959804238,0.1339405000206595,0.06334678259928607,,,,,,
8,Denise Richards,,0.09756156134791392,0.045106706218001356,,,,,,,,
8,Holly Madison,,0.11272037432576171,0.11559317768387632,0.06480559821078963,,,,,,,
8,Lawrence Taylor,,0.08173700027051567,0.10078907175691064,0.1258571429120019,0.16452559142847742,,0.08794463433627656,,,,
8,Lil' Kim,,0.10454957876915526,0.11072021163886152,0.13379908118379596,0.15925379336080525,,0.1984613188270525,0.21919001283490436,0.14290552188537856,,
8,Melissa Rycroft,,0.10916183477973188,0.10024488995362858,0.10858792376721893,0.14552529776865375,,0.16193459657150586,0.21495861646882578,0.26534592362648646,0.4189178918407681,0.4093253579261663
8,Shawn Johnson,,0.09739580387739213,0.0976035048281214,0.110920403039192,0.13577777697405347,,0.17436933382713626,0.23503983734739156,0.2757335511115113,0.34963767697529563,0.5906746420738334
8,Steve Wozniak,,0.08768588093676093,0.11887400094699017,0.0753215150028614,,,,,,,
8,Ty Murray,,0.10723213808173948,0.09350902822448146,0.12219011655012682,0.17220929649470434,,0.20946997499771067,0.22947720901585272,0.3160150033766251,0.23144443118393684,
9,Aaron Carter,0.07357945827328898,0.08056443198154038,0.10562910136879106,0.13972289669240626,0.14789775260640814,0.15619775715756662,0.25602603276208336,0.23993045666953464,,,
9,Ashley Hamiliton,0.02298063690770829,,,,,,,,,,
9,Chuck Liddell,0.09284262309807312,0.09557028020248298,0.11540785265081345,0.05157248876935422,,,,,,,
9,Debi Mazar,0.09801844718319452,0.12247791527722005,0.042925272255473,,,,,,,,
9,Donny Osmond,0.07357823990525902,0.08363369665192075,0.09880877063912202,0.09559199980524372,0.118367443264624,0.14743573749484304,0.2231853621763767,0.38969652466069543,,0.6067310055886027,
9,Kathy Ireland,0.09835615832103296,0.038565394552742834,,,,,,,,,
9,Louie Vito,0.07644127599374341,0.10448515430220245,0.10647367201064935,0.11961426283599434,0.14061747712922731,0.08371588018294056,,,,,
9,Macy Gray,0.025562772008922728,,,,,,,,,,
9,Mark Dacascos,0.07704928824909141,0.07883944180151699,0.10144956491104298,0.11517452256184259,0.13073381751086016,0.1656933054238635,0.13802993185895748,,,,
9,Melissa Joan Hart,0.10737849401736665,0.09962694726340393,0.10122670633562836,0.1147392845170614,0.12667173744451493,0.08042889473789785,,,,,
9,Michael Irvin,0.11283028806953975,0.1136996809242775,0.14131565292773363,0.14202507128836572,0.15806911969788037,0.19229281891205996,0.14174157914737598,,,,
9,Mya,0.07112502996112927,0.080644976149819,0.08810304777090212,0.11099949511115004,0.12639524316650386,0.17423560609082833,0.24101709405520608,0.3703730186697708,,0.39326899441139573,
9,Natalie Coughlin,0.0702572880116507,0.10189208089287315,0.09866035912984397,0.1105599784185825,0.051247409179979796,,,,,,
10,Buzz Aldrin,,0.16506950765714423,0.07546358635575007,,,,,,,,
10,Chad Ochocinco,,0.10719883028020255,0.13633252332428514,,0.17230796407127857,0.19256799943266006,,0.2586169572739646,0.15961162724683728,,
10,Erin Andrews,,0.11076089804208895,0.13933636714075182,,0.16165884594886104,0.18212450170819447,,0.2162916703073325,0.27665616868050535,0.2230224752585805,
10,Evan Lysacek,,0.09565204093195431,0.10564966747407763,,0.11994277874068036,0.15693963441756104,,0.19358393903841925,0.2609058548045049,0.32837180743708755,
10,Jake Pavelka,,0.1093065991578309,0.1179605096623949,,0.14090405766894437,0.08528664889752839,,,,,
10,Kate Gosselin,,0.1502966639842108,0.1513003123851869,,0.07714580120421236,,,,,,
10,Nicole Scherzinger,,0.12957077835684908,0.14457187355453321,,0.17061777337791906,0.19191047428795024,,0.22078551736206053,0.30282634926815244,0.44860571730433246,
10,Niecy Nash,,0.10990373968863956,0.12938516010301945,,0.15742277898810408,0.19117074125610528,,0.11072191601822332,,,
10,Shannen Doherty,,0.02224094190108025,,,,,,,,,
11,Audrina Patridge,0.06944951726831072,0.08870942226200174,0.12067330916047778,0.14023814112442032,0.16746169316699233,0.06842558916606686,,,,,
11,Brandy,0.0835762561069346,0.09211955583544716,0.11813709438671777,0.12619078705303016,0.14230646825261486,0.16172384015610328,,0.21548524225492566,0.14335742815902258,,
11,Bristol Palin,0.0719752692154313,0.09613403071653828,0.12805343513227738,0.1303890410631125,0.15221093566139943,0.189433097344236,,0.24821583361019528,0.3044815460423349,0.2380885669688375,
11,David Hasselhoff,0.023646932826326118,,,,,,,,,,
11,Florence Henderson,0.08907791320362199,0.09966461757133074,0.11364126005914273,0.1360579756286606,0.0668055967387457,,,,,,
11,Jennifer Grey,0.12330469480389757,0.11367705767762495,0.10945740536698964,0.13777049641902891,0.16141065528827162,0.18168101797676062,,0.21908070841039343,0.26758461108613785,0.4387149024206604,
11,Kurt Warner,0.09524909625143319,0.12092069067242665,0.13889079825065803,0.14550171452675578,0.14557356731047752,0.20257574904595924,,0.11200646871707433,,,
11,Kyle Massey,0.10574854973295676,0.09863935028806865,0.11839808771992297,0.1251618717286531,0.16423108358149838,0.19616070631087293,,0.2052117470074111,0.2845764147125055,0.32319653061050313,
11,Margaret Cho,0.12851964383662498,0.1313618529700735,0.048945586676872266,,,,,,,,
11,Michael Bolton,0.12452966620690957,0.05784583549405974,,,,,,,,,
11,The Situation,0.08492246054755395,0.10092758651242875,0.1038030232469421,0.05868997245633767,,,,,,,
12,Chelsea Kane,,0.11942652504858058,0.10943893618999781,0.1280607945278653,,0.1561694214062062,0.20761289460086257,0.2693755010179791,0.3868680370196927,0.38593386239341526,
12,Chris Jericho,,0.12281148230973933,0.13162271754725444,0.1562491061393204,,0.08317108347092922,,,,,
12,Kendra Wilkinson,,0.10744308215714408,0.12299586821361999,0.15639417386335322,,0.19610188225195047,0.11052206259627025,,,,
12,Kirstie Alley,,0.1029628974366471,0.12870615410655065,0.1622475758989097,,0.18358954247711398,0.2160893289841407,0.2834722653593951,0.3644732231361707,0.6140661376065844,
12,Mike Catherwood,,0.02956635299014242,,,,,,,,,
12,Ralph Macchio,,0.12679548058953277,0.13013414994200379,0.16250255948308445,,0.18499020253265314,0.23500189163433077,0.3066557967013584,0.24865873984413628,,
12,Romeo,,0.0999537400913997,0.13887582554989575,0.16541252241130602,,0.19597786786114726,0.23077382218439377,0.14049643692126682,,,
12,Sugar Ray Leonard,,0.16265027173817337,0.17477808997524116,0.0691332676761627,,,,,,,
12,Wendy Williams,,0.12839016763864056,0.0634482584754369,,,,,,,,
13,Carson Kressley,0.11953604337840809,,0.1090534996394592,0.12468310194812451,0.06138503748959394,,,,,,
13,Chaz Bono,0.10723161524391032,,0.14208376744192208,0.12005103941209565,0.13581417317004144,0.07306794173362913,,,,,
13,Chynna Phillips,0.0992603023110959,,0.10989538514126887,0.04640765166154635,,,,,,,
13,David Arquette,0.07451726393643673,,0.08987904810139206,0.11998621364281364,0.13887659645611225,0.1558207677928155,0.0758266843271869,,,,
13,Hope Solo,0.1105895711998247,,0.10890648884507009,0.12395311251058895,0.12618002520216381,0.1530854379303531,0.18969912165686942,0.22763231319856916,0.16967294083160994,,
13,J.R. Martinez,0.07173056419234126,,0.08344381997168861,0.10647927555737702,0.10848397067063201,0.1375154582082799,0.1737104916460881,0.2148937682032573,0.27724533595002154,0.4730237964013177,
13,Kristin Cavallari,0.06995165439577349,,0.0317264370750452,,,,,,,,
13,Metta World Peace (Ron),0.027176685754248312,,,,,,,,,,
13,Nancy Grace,0.10775961402413933,,0.11775900622273587,0.11096871691205444,0.14364817471691718,0.1697170126331768,0.19975596471532947,0.11584865989026683,,,
13,Ricki Lake,0.11319653578951062,,0.09998703661118645,0.1248248414818644,0.15692107959602433,0.15730821105293624,0.17143408856071923,0.2186517231833092,0.26074749772791544,0.21556207433896898,
13,Rob Kardashian,0.09905014977431306,,0.10726551095023192,0.12264604687353432,0.12869094269851575,0.15348517064880954,0.18957364909380703,0.22297353552459703,0.2923342254904538,0.3114141292597118,
14,Donald Driver,,,0.1182373477515253,0.10753235615393446,0.13371294103484072,0.16679601882606254,0.23059925142081597,0.31210386794379347,0.6090433350776455,,
14,Gavin DeGraw,,,0.11068280474843614,0.14665997064304873,0.07376062466786551,,,,,,
14,Gladys Knight,,,0.12517786319437485,0.13826954557635465,0.15550593054309983,0.0881684871456935,,,,,
14,Jack Wagner,,,0.024340393240542362,,,,,,,,
14,Jaleel White,,,0.1338145949733424,0.12862395563882534,0.16034676344427226,0.18886645473567554,0.10792063419158686,,,,
14,Maria Menounos,,,0.10453505046279994,0.13173420796728455,0.14455489321802495,0.17825389407154324,0.2034976741273858,0.3128591320583604,0.3909566649223537,,
14,Melissa Gilbert,,,0.15833216023624014,0.16384789551894094,0.17593601845808413,0.198605559976594,0.24632714584974155,0.20111603610496676,,,
14,Roshon Fegan,,,0.10280262972116096,0.13152539079208345,0.156182828633812,0.17930958524443086,0.2116552944104704,0.17392096389287867,,,
14,Sherri Sheperd,,,0.12207715567157754,0.05180667770952747,,,,,,,
15,Apolo Anton Ohno,,0.10041361075328613,0.13210515661298075,0.13043651588891253,,0.14494463981272707,,0.1840636708892953,0.13273238538484572,,
15,Bristol Palin,,0.10701185329685216,0.12473157184328403,0.05130482223233868,,,,,,,
15,Drew Lachey,,0.10260125330850538,0.03970152213533637,,,,,,,,
15,Emmitt Smith,,0.12347924247803377,0.13696620865391815,0.1471364469710261,,0.1662999776186407,,0.2063771101252422,0.14482493373914573,,
15,Joey Fatone,,0.020985791802318174,,,,,,,,,
15,Kelly Monaco,,0.12776343281488306,0.1282996070470107,0.12499466400992539,,0.14959352674526855,,0.16761096335908754,0.2349864758380175,0.2218607127171685,
15,Kirstie Alley,,0.11850514433862072,0.11560508761329848,0.1314805144281122,,0.14613800216118994,,0.07905117660660334,,,
15,Melissa Rycroft,,0.09522401377712406,0.1010507956968927,0.1445721491322883,,0.17978439092135218,,0.1906743253195412,0.258334481315336,0.4595364284180747,
15,Sabrina Bryan,,0.07933990882430718,0.09542869254197137,0.13164550142380996,,0.056167519889551,,,,,
15,Shawn Johnson,,0.12467574860606977,0.12611135785530742,0.13842938591358706,,0.15707194285127007,,0.17222275370023132,0.22912172372265477,0.31860285886475703,
16,Alexandra Raisman,,0.10061136396779992,0.10315502430016585,,0.11522569754701602,0.14069795993824688,0.1709315253397546,0.21657079791039188,,0.15198530695425333,
16,Andy Dick,,0.10909804123410251,0.12590448912472818,,0.14821752513202807,0.17082849169931902,0.10260352117197942,,,,
16,D. L. Hughley,,0.10277334897686112,0.12579036246464673,,0.06384361343334158,,,,,,
16,Jacoby Jones,,0.09565802702840037,0.10826952817399224,,0.11949669332088508,0.1356325989946212,0.18561152002404419,0.23712351721972283,,0.21473316578480967,
16,Kellie Pickler,,0.1123263184644519,0.1287606106289871,,0.1626592250023638,0.1575046692117517,0.1712252251633325,0.21598386631631913,,0.37029376395545627,
16,Sean Lowe,,0.09230415002549062,0.10495507642397638,,0.12199736393159126,0.16630408222350285,0.18451775118370858,0.12029247477247879,,,
16,Victor Ortiz,,0.12454335714672922,0.13196949457929197,,0.13873873596554223,0.07009664770187264,,,,,
16,Wynonna Judd,,0.1238943829180909,0.055909156706929586,,,,,,,,
16,Zendaya,,0.13879101023807358,0.11528625759728145,,0.12982114566723377,0.15893555023068554,0.1851104571171819,0.21002934378108642,,0.2629877633054817,
17,Amber Riley,,0.1111619051988891,0.1254933062846945,0.13459006322413797,0.15531505822999073,,,0.17261613818780105,0.2239007884022205,0.2611406277810159,0.4567598476669095
17,Bill Engvall,,0.13610580742453834,0.14363823592170522,0.1374939295807366,0.16550866091255492,,,0.18957126327412122,0.24883874978589107,0.31038584265488023,0.24235081495423005
17,Bill Nye,,0.1167281427224124,0.05905145760564416,,,,,,,,
17,Brant Daugherty,,0.08644581547212911,0.09999544313814093,0.13180904624446235,0.1364647717883241,,,0.06811263599399646,,,
17,Christina Milian,,0.09769743720148451,0.1128579185509791,0.13941398257119675,0.055059178289086845,,,,,,
17,Corbin Bleu,,0.11131179235416318,0.10412200147126413,0.12937968024035942,0.160729957958474,,,0.20016302235336192,0.2365012905421782,0.2835546752598262,0.3008893373788614
17,Elizabeth Berkley Lauren,,0.10624738802107678,0.11463615108013508,0.1359071558086783,0.15149360713265705,,,0.176960175242718,0.08592679555174676,,
17,Keyshawn Johnson,,0.025633103270295894,,,,,,,,,
17,Leah Remini,,0.10139515534142236,0.11269372852715369,0.13209193942894204,0.1754287656889131,,,0.19257676494800183,0.20483237571796292,0.14491885430427734,
17,Valerie Harper,,0.10727345299358813,0.12751175742028353,0.059314202901486444,,,,,,,
18,Amy Purdy,0.09542554254709942,0.1212241740559489,,,,0.1362816470151257,0.14195671171213567,0.18236394152233298,0.22050425362477993,0.25629670673666605,
18,Candace Cameron Bure,0.1031498871258628,0.12034545731481062,,,,0.14460931695664314,0.18270751422939255,0.1942085916671124,0.24918393667077668,0.22391382182708713,
18,Charlie White,0.12578589973464996,0.13487146877172895,,,,0.151426186390654,0.1589679438380905,0.1828954667181828,0.09929713118536787,,
18,Danica McKellar,0.14338023000501496,0.1227294350060152,,,,0.13037638556720885,0.16646397100785,0.07758644330096365,,,
18,Diana Nyad,0.033350736742116596,,,,,,,,,,
18,Drew Carey,0.10732768122538916,0.11897595348719915,,,,0.052229286221908415,,,,,
18,James Maslow,0.1199726625922999,0.12039639847770622,,,,0.118620185247557,0.14969487232445128,0.1714347343172358,0.21886627158316482,0.14811284868870495,
18,Meryl Davis,0.14631005175919412,0.13909014634678474,,,,0.14012333641413913,0.1365298720022109,0.19151082247417298,0.21214840693591214,0.37167662274754093,
18,NeNe Leakes,0.1252973082683725,0.12236696653980754,,,,0.12633365618676476,0.06367911488586957,,,,
19,Alfonso Ribeiro,0.07928017759787129,0.09759871281972425,0.13030488423553477,0.12533764256089192,,0.1464791517033369,,0.16623327801440269,0.2364979457177583,,0.3761907709642139
19,Bethany Mota,0.07708212675991542,0.10058229944381937,0.09811979875073203,0.11492924431880794,,0.1622080084070576,,0.18246035222409454,0.236269671262842,,0.15028923026694532
19,Betsey Johnson,0.14781853341867626,0.1304280707864027,0.14174672533834967,0.05485046061275419,,,,,,,
19,Janel Parrish,0.09976657004354622,0.0944220846160622,0.10657746929340363,0.11173708603126509,,0.1373868774168498,,0.1657898839480585,0.20919650941397713,,0.20701496092494998
19,Jonathan Bennett,0.07431862437608967,0.09677905044701224,0.11894585776365939,0.1561524527805095,,0.06696743019888578,,,,,
19,Lea Thompson,0.09402944411740634,0.11046440326574167,0.11891593016401558,0.13469688761077028,,0.1467872951251993,,0.18802827319873167,0.10310148688339461,,
19,Lolo Jones,0.027740564759728727,,,,,,,,,,
19,Michael Waltrip,0.08756562524104314,0.09485494415572628,0.11759535069854951,0.16587431723690646,,0.18155362192515845,,0.10347515651083238,,,
19,Randy Couture,0.12810452120198074,0.12841316247051346,0.04936861474320874,,,,,,,,
19,Sadie Robertson,0.09613523295924771,0.10752769764794687,0.11842536901254776,0.1364219088480948,,0.1586176152235122,,0.19401305610387976,0.21493438672202778,,0.26650503784389185
19,Tavis Smiley,0.08815857952449477,0.03892957434705038,,,,,,,,,
20,Charlotte McKinney,,0.09994441114001996,0.04690570332193141,,,,,,,,
20,Chris Soules,,0.13104598519166702,0.13228262561500442,0.15397304106231924,0.17689268572646594,0.1971095286569058,0.24097726353929563,0.16241083626348224,,,
20,Michael Sam,,0.11493938772032496,0.13769180279285465,0.05528052228744647,,,,,,,
20,Noah Galloway,,0.1169723845534932,0.14658270754412256,0.14865632545675483,0.16573970323195358,0.18660192397284447,0.22939427171398155,0.29353682317970053,,0.23943242160227013,
20,Patti LaBelle,,0.1057302561668441,0.12351687442107416,0.14209300886302004,0.1624128625983019,0.07749052105763435,,,,,
20,Redfoo,,0.019516023763769486,,,,,,,,,
20,Riker Lynch,,0.11454058997148132,0.09261986631650439,0.12338740612155254,0.14200217788276343,0.1826635854925315,0.22261365974827702,0.26335753353786934,,0.3129598557224146,
20,Rumer Willis,,0.09181293059487453,0.0906884723856636,0.11610848677760255,0.13193700370023936,0.18020114747345353,0.2190356483221426,0.28069480701894733,,0.44760772267531457,
20,Suzanne Somers,,0.12626285529783352,0.12940116299879015,0.139618892623613,0.06969976364849076,,,,,,
20,Willow Shields,,0.07923517559969244,0.10031078460405458,0.12088231680769186,0.15131580321178603,0.17593329334662924,0.08797915667630331,,,,
21,Alek Skarlatos,,0.11324647516824467,,0.12916275080758124,,0.15297357837645686,0.197308489785868,0.2357879581173629,0.31374113585814745,,0.3408594146568854
21,Alexa PenaVega,,0.09543748918342014,,0.14656727935303773,,0.17215251388803438,0.18939866295641034,0.240115550551321,0.1300590393473521,,
21,Andy Grammer,,0.1147430890918614,,0.11938318499922934,,0.14118393235094545,0.17520357972307765,0.10721023845331744,,,
21,Carlos PenaVega,,0.12023888342104513,,0.12566839061647497,,0.14390903496917898,0.18094938601709543,0.22114803955722695,0.29149919126022605,,0.2151168892510977
21,Chaka Khan,,0.03243545036561317,,,,,,,,,
21,Gary Busey,,0.1286702403114189,,0.06306591095961213,,,,,,,
21,Hayes Grier,,0.1312966429532615,,0.12868281021325811,,0.16394959728912198,0.07579975251319102,,,,
21,Nick Carter,,0.12874332272804412,,0.14399192323938972,,0.144647880825958,0.18134012900435778,0.19573821332077296,0.26470063353427387,,0.444023696092017
21,Paula Deen,,0.13518840677709099,,0.14347774981141723,,0.08118346230030409,,,,,
22,Antonio Brown,,0.08884322973476437,,0.09629011781093276,,0.10718065218786836,0.14660209222419002,0.1957157017319919,0.1390810271297703,,
22,Doug Flutie,,0.08621042875920544,,0.10782744087317463,,0.04705658527782614,,,,,
22,Geraldo Rivera,,0.028404082751155035,,,,,,,,,
22,Ginger Zee,,0.08770241795815856,,0.10847298160556786,,0.1209430074989357,0.149820822360147,0.18415407854948918,0.23315479928660257,0.2160383953359409,
22,Jodie Sweetin,,0.0869082807989109,,0.10368265438374456,,0.1176841132802547,0.1438146929382345,0.06672257174312071,,,
22,Kim Fields,,0.09188507012454693,,0.10555687265132982,,0.12508070728010565,0.059525595546047576,,,,
22,Marla Maples,,0.12190420112301426,,0.04307132694812023,,,,,,,
22,Nyle DiMarco,,0.1286896979736542,,0.11873108025558482,,0.13647991791439407,0.16088448161833147,0.18351636950819605,0.27224442056764914,0.4716505040211296,
22,Paige VanZant,,0.08639884342763236,,0.09324251267460977,,0.12311224590951066,0.14463582174341996,0.18330692617676714,0.23648741449879035,0.3123111006429287,
22,Von Miller,,0.09992772803514335,,0.11356182899811519,,0.11706654728764224,0.061682908648671674,,,,
22,Wanya Morris,,0.09312601931381342,,0.1095631837988198,,0.10539622336346267,0.13303358492095793,0.1865843522904358,0.1190323385171881,,
23,Amber Rose,,0.08363808253768068,0.11813074674137086,0.11160528747351235,,0.06037851891802214,,,,,
23,Babyface,,0.08726265775593123,0.08796748092693249,0.05592956486998999,,,,,,,
23,Calvin Johnson Jr.,,0.08412792907707617,0.08959602942804827,0.11969285570310384,,0.12500637970133588,0.14565573607980095,0.1749195872940754,0.23274765007327944,0.2924837416896775,0.3221584802240373
23,Jake T. Austin,,0.020029167454999025,,,,,,,,,
23,Jana Kramer,,0.07647991017686823,0.09263473893892646,0.10189929625426704,,0.11841805758413806,0.14280738933463216,0.17396664777508,0.2134411996880313,0.2840804440769832,0.22422496282506468
23,Laurie Hernandez,,0.07236551714538947,0.08662917368271766,0.10352128642299852,,0.11434211837184413,0.1338004556195249,0.14832585704888196,0.20908326623625517,0.28676016850234887,0.453616556950898
23,Marilu Henner,,0.10616123431999944,0.09573239282623186,0.1316766300481181,,0.1483771106018971,0.18055499754844448,0.21009707517026122,0.10914906027601769,,
23,Maureen McCormick,,0.09583864942117203,0.10150118712101248,0.11299287259720331,,0.15687074593828396,0.060662890031064495,,,,
23,Rick Perry,,0.10362324830038845,0.03628685534089193,,,,,,,,
23,Ryan Lochte,,0.09817565086218862,0.10869359517957133,0.107439095062833,,0.13069976905987057,0.15000366944749113,0.08057540424412975,,,
23,Terra Jole,,0.09413834733814122,0.09177481651304857,0.112697993486304,,0.14590729982460837,0.18651486193904107,0.2121154284675721,0.23557882372641728,0.13667564573098975,
23,Vanilla Ice,,0.07815960561016524,0.09105298330124728,0.04254511808166952,,,,,,,
24,Bonner Bolton,,0.10368882134217347,,0.11158243381356961,0.14140432715239723,0.13731227175115335,0.17967748003072995,0.12450986472198579,,,
24,Chris Kattan,,0.026854062573768652,,,,,,,,,
24,David Ross,,0.09408425463463402,,0.10350958606139068,0.11830936671122114,0.12981184110722366,0.18040100005815435,0.24100795470671532,0.3094256746598459,0.3388827513697323,
24,Erika Jayne,,0.11695309162350942,,0.11443147799330985,0.04653211099586833,,,,,,
24,Heather Morris,,0.06797163958894886,,0.08719950645701233,0.10092057874940512,0.0424472850034607,,,,,
24,Mr. T,,0.09867333685421839,,0.04025178998782573,,,,,,,
24,Nancy Kerrigan,,0.102170532045088,,0.10001082162457971,0.10972857986368205,0.12197138704242473,0.0806658922956093,,,,
24,Nick Viall,,0.1546543167950843,,0.1527996461123011,0.14390758239244736,0.15920995988523232,0.08997740040346172,,,,
24,Normani,,0.060917834280358955,,0.08752267547482209,0.10453553023284058,0.13204866702472032,0.13969235101405109,0.1924088055308221,0.27683594991755023,0.20609750175565347,
24,Rashad Jennings,,0.08272820738905004,,0.10559873266783645,0.12232169314207657,0.1370964040425724,0.17353968627316887,0.23992034377077265,0.2897099426585968,0.45501974687461266,
24,Simone Biles,,0.09130390287316531,,0.09709332980735416,0.11234023076006312,0.14010218414321263,0.15604618992482372,0.20215303126970385,0.1240284327640072,,
25,Barbara Corcoran,,0.03702274095795983,,,,,,,,,
25,Debbie Gibson,,0.030108882415013756,,,,,,,,,
25,Derek Fisher,,0.1398822266534945,,0.05219705507051504,,,,,,,
25,Frankie Muniz,,0.07508506492712258,,0.10410218391082103,,0.15018682766827304,0.19163480757728835,0.2289201811869737,0.303737212965316,0.2311284341875263,
25,Jordan Fisher,,0.10489352871842894,,0.14235686387556948,,0.16122995763724957,0.17873028435842098,0.2198706170665055,0.2805081739577577,0.45460756557657606,
25,Lindsey Stirling,,0.09278734953836458,,0.1118223692067439,,0.13124052865453617,0.15653372745629585,0.2111447207914687,0.2760185725677438,0.3142640002358973,
25,Nick Lachey,,0.14121619862951967,,0.15091694865494445,,0.0787239747481576,,,,,
25,Nikki Bella,,0.1236582833127796,,0.16463305530400668,,0.16181773382138626,0.08402420455140815,,,,
25,Terrell Owens,,0.11765931481361269,,0.13257909555325734,,0.14838260713875423,0.19232992090153805,0.10581677376598252,,,
25,Victoria Arlen,,0.13768641003370347,,0.14139242842414168,,0.16841837033164217,0.19674705515504917,0.23424770718906943,0.13973604050918154,,
26,Adam Rippon,0.11248089664924567,0.15157329389615687,0.20838237018678132,0.47479733506024974,,,,,,,
26,Arike Ogunbowale,0.10216020758251707,0.05468704525509864,,,,,,,,,
26,Chris Mazdzer,0.16871561371124333,0.18371199219754022,0.13109856289087238,,,,,,,,
26,Jamie Anderson,0.029349638938981334,,,,,,,,,,
26,Jennie Finch Daigle,0.107293645418328,0.1334359965904867,0.12325110108535707,,,,,,,,
26,Johnny Damon,0.03215679596739368,,,,,,,,,,
26,Josh Norman,0.14760286213294335,0.1442909896501251,0.2143496651545279,0.30982274542627974,,,,,,,
26,Kareem Abdul-Jabbar,0.1070438383794417,0.06836316391957085,,,,,,,,,
26,Mirai Nagasu,0.10276344816881396,0.13056160162381933,0.1112562675490794,,,,,,,,
26,Tonya Harding,0.09043305305109026,0.13337591686720063,0.21166203313338264,0.2153799195134714,,,,,,,
27,Alexis Ren,0.08495539817936557,0.09729042669704477,0.10309482870747452,0.10350799137791332,,0.12369529955421127,0.1806670609458436,0.25676674352004347,0.21998961609572565,,
27,Bobby Bones,0.10420342678232043,0.10353191672332819,0.11512425578956223,0.13628547701504126,,0.16960541823923503,0.20452277227625826,0.3106150883126134,0.4811540374803562,,
27,Danelle Umstead,0.11151859545805558,0.04300866471469524,,,,,,,,,
27,DeMarcus Ware,0.10035712964927987,0.1119129910502873,0.1239577692715602,0.1339961008510918,,0.14500759981315609,0.09668496098681258,,,,
27,Joe Amabile,0.11531362358643693,0.1136490716061876,0.13514109475886243,0.17257854840581788,,0.17361866240057797,0.23011731901376262,0.16317917524562814,,,
27,John Schneider,0.11932476770849833,0.12413261511970598,0.12816442990589985,0.15434827825884445,,0.18355451948571408,0.10330657670516342,,,,
27,Mary Lou Retton,0.07780193493993888,0.10373457000057804,0.11781117764685287,0.13353616828289785,,0.06037342282134672,,,,,
27,Milo Manheim,0.12334874971902084,0.11800890504216399,0.1261491581508184,0.124684432182351,,0.14414507768575796,0.18470131007216056,0.26943899292171514,0.2988563464239176,,
27,Nancy McKeon,0.0787933476083109,0.1029170049269104,0.04259509593165976,,,,,,,,
27,Nikki Glaser,0.021758515107261036,,,,,,,,,,
27,Tinashe,0.06262451126151153,0.0818138341190993,0.10796218983731001,0.041063003626042364,,,,,,,
28,Ally Brooke,,0.0986847908501843,,0.11029585891291797,,0.15873039463798377,0.14729257756254313,0.15137190324814562,0.1611556081810893,0.21204169959612432,0.1470605787056439
28,Hannah Brown,,0.10595072424225264,,0.09978637224675951,,0.2018798894992201,0.17634217581620462,0.16674756314124445,0.1938893208811775,0.21907834394120385,0.3777572537038096
28,James Van Der Beek,,0.10098862666619658,,0.12071716657869981,,0.07015906356114503,0.08364587397552073,0.09990304232368438,0.1280707392551747,0.1539202143328263,
28,Karamo Brown,,0.11270766986488676,,0.11997204199869133,,0.1454572614771951,0.07496541887422212,,,,
28,Kate Flannery,,0.08587315487723138,,0.09175203211661159,,0.07586907933804808,0.12535999752383487,0.08258937340706596,,,
28,Kel Mitchell,,0.08470261121758679,,0.10333695077580567,,0.11401385022795495,0.1409399598761009,0.17978183259598038,0.1978826873081144,0.23373327916499922,0.24885892156839146
28,Lamar Odom,,0.11860065355332909,,0.06344780666074225,,,,,,,
28,Lauren Alaina,,0.10244099877653372,,0.09615279087264283,,0.113979883590241,0.12353792747320809,0.1481041284001138,0.16602944787866594,0.1812264629648463,0.22632324602215326
28,Mary Wilson,,0.036149587205829545,,,,,,,,,
28,Sailor Brinkley-Cook,,0.08689801895266341,,0.10518412470296858,,0.03261123315623538,,,,,
28,Sean Spicer,,0.06700316379330676,,0.08935485513416055,,0.0872993445119732,0.12791606889836585,0.17150215688376524,0.1529721964957786,,
29,AJ McLean,,0.09858774878694024,0.10062743738666591,0.08283419412176198,0.11722764648402866,0.12055474339982236,0.14624609715767276,0.1637804285627859,0.12294070094959132,,
29,Anne Heche,,0.09915923201307383,0.10179244928293665,0.0541539136833333,,,,,,,
29,Carole Baskin,,0.07815969418943496,0.053414849005389536,,,,,,,,
29,Charles Oakley,,0.025860089886541364,,,,,,,,,
29,Chrishell Stause,,0.09044516279974471,0.08383545848308491,0.09243314899806192,0.136552936435698,0.14240031514897314,0.14894560340027707,0.07852129706844754,,,
29,Jesse Metcalfe,,0.0911609093425101,0.10524281623760483,0.1085847366744384,0.06868215337330776,,,,,,
29,Johnny Weir,,0.07293186756783378,0.07585185538636244,0.08384108156909328,0.08376150082656815,0.10697334444843115,0.11010597577942503,0.1350650144522474,0.1629508085210791,0.1390773611909693,
29,Justina Machado,,0.07446657288380253,0.0786476346378415,0.08345407848000859,0.10255307938531855,0.11388710501324738,0.13963535380228728,0.16357714480383564,0.1858346943091399,0.22928242786091294,0.20672570043703897
29,Monica Aldama,,0.07031266004975517,0.08582566771661984,0.09102226060861453,0.10003009087292784,0.11123384616817425,0.109106525059158,,,,
29,Nelly,,0.0641565943633779,0.08746679639986613,0.0984587373757747,0.08905603924801109,0.1105592953931385,0.11768707564315821,0.1582895389317136,0.18557071746034012,0.31990623258058926,0.5066940386952689
29,Nev Schulman,,0.07502335358651342,0.06130663730123543,0.09203056311350662,0.09141816707933512,0.1141363736647635,0.11079069692655945,0.13905396494960554,0.16291629292572957,0.17957711766543047,0.28658026086769134
29,Skai Jackson,,0.11379988533606937,0.1001069013124702,0.12510863749887616,0.1186955687490836,0.12016217820993368,0.11748267223146083,0.16171261123136635,0.1797867858341196,0.13215686070209937,
29,Veron Davis,,0.04593622919440111,0.06588149684992274,0.08807864787652982,0.09202281754572185,0.060092798553516326,,,,,
30,Amanda Kloots,,0.04777627998040337,,0.05170900742170716,,0.07321556867303386,0.09622148241009391,0.11354937201921884,0.16993912657139665,0.1634850245931944,
30,Brian Austin Green,,0.07772385224842313,,0.048768569393126814,,,,,,,
30,Cody Rigsby,,0.0921421911291733,,0.10685492544676427,,0.1270520695800057,0.12182131391836397,0.1274094075827596,0.1942384496223846,0.31740500257920967,
30,Iman Shumpert,,0.09259499617984152,,0.09518042017041041,,0.11244450065077727,0.133606902163085,0.1682636130467637,0.20469470108651105,0.32931317702870905,
30,Jimmie Allen,,0.056209742265823384,,0.08654505296418759,,0.10258326432912748,0.10650901795221053,0.10281004642416498,,,
30,JoJo Siwa,,0.04897465108103204,,0.06871710089334139,,0.08500509950590909,0.11435224133151539,0.14048071878571727,0.19464965356150854,0.18979679579888747,
30,Kenya Moore,,0.08781785528949604,,0.10588243658479707,,0.0695509282024742,,,,,
30,Martin Kove,,0.05561126809988702,,,,,,,,,
30,Matt James,,0.08935046248399349,,0.0431816491856711,,,,,,,
30,Melora Hardin,,0.08620428785318177,,0.09398024147437486,,0.1047875897027549,0.11722928408325875,0.14228331553361792,0.1475792576069722,,
30,"Mike ""The Miz"" Mizanin",,0.06924382452924448,,0.09471573681114252,,0.10348061125845527,0.07801539116435935,,,,
30,Olivia Jade,,0.12113198714489741,,0.11142183343575966,,0.11916031498187979,0.10947672060321464,0.07389493857550683,,,
30,Suni Lee,,0.07521860171460591,,0.09304302621871806,,0.10272005311558265,0.12276764637389766,0.1313085880322512,0.08889881155122714,,
31,Charli D'Amelio,0.06551486858863748,0.06021791463601061,0.06420897721773633,0.07894202452042261,0.09034841990475956,,0.10654180448770528,0.1498891338841353,0.16156388982198183,0.34471020540774316,
31,Cheryl Ladd,0.08061928231491743,0.10031190198329692,0.04659975006542958,,,,,,,,
31,Daniel Durant,0.060959588818633434,0.06083544398562198,0.08566625349786443,0.10101095578915352,0.11859550198738726,,0.10171593574539256,0.12812934468280465,0.13458372852548947,,
31,Gabby Windey,0.05316536126447619,0.07504896676700458,0.0804685488399919,0.08700313896426365,0.10769393951897355,,0.10968868716016661,0.12753453649674348,0.13968726605267007,0.18642096988104478,
31,Heidi D'Amelio,0.09133036097201223,0.08796381336963414,0.09614252146142041,0.10434732217401482,0.08387389449741502,,0.1257865777241825,0.08369114310419726,,,
31,Jason Lewis,0.026399823692306874,,,,,,,,,,
31,Jordin Sparks,0.07522810933510996,0.10450112106666923,0.07620367194383836,0.08038237217885764,0.09607811055609268,,0.0649363256231007,,,,
31,Joseph Baena,0.06227230689553794,0.07142352030485508,0.08505203219462118,0.09991493270202512,0.05262287200617433,,,,,,
31,Sam Champion,0.08071563118302391,0.08143608972152072,0.09999895476464687,0.05900564046346015,,,,,,,
31,Shangela,0.08997572236092888,0.0969420077696395,0.10606079334356082,0.11058955470560408,0.1227940045413831,,0.11775682001401185,0.11787638047604113,0.18888324264764123,0.1750978863463279,
31,Teresa Giudice,0.11149432121163719,0.045894461604465024,,,,,,,,,
31,Trevor Donovan,0.04876522756537705,0.0573701687287836,0.07466885048791598,0.09131058010199149,0.11426229942899101,,0.12148501955722188,0.15330714816789942,0.18349568133604802,,
31,Vinny Guadagnino,0.0669017806137393,0.07817121785970477,0.09393178044171263,0.0881401612730702,0.11108348486309569,,0.13568137468881067,0.10636377214503484,,,
31,Wayne Brady,0.08665761518366133,0.07988337220279465,0.0909978657412618,0.09935331712713713,0.10264747269572752,,0.11640745499940776,0.13320854104314353,0.191786191616169,0.2937709383648844,
32,Adrian Peterson,0.15698259347199528,0.13859861272537788,0.15680228229534376,0.06781756954101477,,,,,,,
32,Alyson Hannigan,0.09073590600900426,0.09291185719516,0.10820744489751577,0.12874619399796777,0.1536517304576081,,,0.19113147439046985,,,0.1603742178205427
32,Ariana Madix,0.09920161480561004,0.11065021792653572,0.12402476443622393,0.14697758278598405,0.15692199164534854,,,0.1757814333136467,,,0.23347279033782548
32,Barry Williams,0.0988044670953522,0.12777554839342511,0.11875675625155994,0.13756132288963527,0.15585114650340307,,,0.11790774394669587,,,
32,Charity Lawson,0.08529724565773653,0.09474185665738974,0.1299596324969659,0.13736552115569667,0.15620591452023821,,,0.17332725969773696,,,0.1330773892542192
32,Jamie Lynn Spears,0.0844729036048556,0.046191538582492635,,,,,,,,,
32,Jason Mraz,0.11177856252516351,0.11396869805322513,0.10095285144317112,0.1282391367988733,0.15106759453234417,,,0.1970091778583581,,,0.18692461630824367
32,Matt Walsh,0.0355647338226791,,,,,,,,,,
32,Mira Sorvino,0.06299383216231459,0.08840597386784042,0.09021443208618568,0.1526663055259931,0.10701970933074141,,,,,,
32,Tyson Beckford,0.08943059127654349,0.09673983401630548,0.08122854447287112,,,,,,,,
32,Xochitl Gomez,0.0847375495687462,0.090015862582248,0.08985329162016249,0.10062636730483467,0.11928191301031793,,,0.14484291079309206,,,0.2861509862791687
33,Brooks Nader,,0.11094149270985183,0.10072720614988784,0.040033026759120474,,,,,,,
33,Chandler Kinney,,0.09791925519765801,0.0879837501926457,0.1283239034345233,0.1211395499183222,0.126201687804841,0.14541164426355238,,0.10436565663785004,,
33,Danny Amendola,,0.0831240973342452,0.08631474295816224,0.12139880965234609,0.1312331956177159,0.16409533632057904,0.18832661604339496,,0.2350255182424996,,
33,Dwight Howard?,,0.07499194299640324,0.11197347905744118,0.13603442663260518,0.16449161848308033,0.1633792950615968,0.13752539773095757,,,,
33,Eric Roberts,,0.0803387462545006,0.048462730514443206,,,,,,,,
33,Ilona Maher,,0.057138630178506074,0.10300209361120312,0.1186240790222861,0.1215677523574023,0.16062209862678314,0.17910092534968047,,0.2985032359965484,,
33,Jenn Tran,,0.11116069941330402,0.11700914641543592,0.14047566430430156,0.1467505411178844,0.06549217352526163,,,,,
33,Joey Graziadei,,0.0839045838561112,0.10047931886928772,0.09915952733661745,0.1183714462961242,0.1344700025628568,0.16204341960293736,,0.22737316163551685,,
33,Phaedra Parks,,0.06781888685008909,0.09529151170127302,0.12118737767302842,0.07689549864385162,,,,,,
33,Reginald VelJohnson,,0.12561373056600128,0.06166757913252173,,,,,,,,
33,Stephen Nedoroscik,,0.08157341973106215,0.08708844139769643,0.09476318518517199,0.1195503975656185,0.1857394060980816,0.1875919970094775,,0.13473242748758413,,
33,Tori Spelling,,0.025474514912267075,,,,,,,,,
34,Alix Earle,,0.06436986792272174,0.0715826754224397,0.08086909468100838,,0.1094399537844833,0.13662162955650334,0.157010461144621,0.18561032941905453,0.20516130471626212,0.27497633940686594
34,Andy Richter,,0.15763729232574206,0.136395441963417,0.13613172610185398,,0.1377245233122773,0.15868655993557168,0.16967729538922363,0.14879061774017882,,
34,Baron Davis,,0.01892633442643684,,,,,,,,,
34,Corey Feldman,,0.03888353836277671,,,,,,,,,
34,Danielle Fishel,,0.08998440713604478,0.09913825127934135,0.13649941267063684,,0.12069741100628673,0.13378184907920224,0.0977232493192586,,,
34,Dylan Efron,,0.05876167882316001,0.07888350224098498,0.12269626096498863,,0.14127931621034842,0.14413524578840176,0.1652448496829152,0.17451364405596104,0.22267933192655634,0.23654888779601344
34,Elaine Hendrix,,0.07886245112204743,0.09287339589908448,0.08188306651345938,,0.10665216668302922,0.13548795693202736,0.163536892555873,0.18382141398943638,0.24333274658158532,0.23329833676026115
34,Hilaria Baldwin,,0.05274978639636717,0.0759735477573729,0.03363123937206293,,,,,,,
34,Jen Affleck,,0.09756002108870274,0.11175952698302236,0.11100708900537005,,0.12432541418526323,0.07902934167102689,,,,
34,Jordan Chiles,,0.0619607817344505,0.06834611525829772,0.07863388946474628,,0.08156448473419746,0.10248742148632174,0.12494013008583393,0.15839887731807023,0.23770946350056582,0.25517643603686013
34,Lauren Jauregui,,0.11644647193185342,0.060203815841888685,,,,,,,,
34,Scott Hoying,,0.1053809579261622,0.11820569379321325,0.13006642044780253,,0.07308699175296916,,,,,
34,Whitney Leavitt,,0.058476410803534905,0.08663803356093738,0.08858180077807166,,0.10522973833114492,0.10976999555094402,0.12186712182227469,0.14886511747729836,0.09111715327503021,
