season,week,method,n_contestants,p_match_actual,reversal_rate,p_elim_judge_top,p_elim_judge_bottom,p_elim_fan_top,p_elim_fan_bottom,expected_judge_rank_elim,expected_fan_rank_elim,save_override_rate,season_method,actual_mechanism
10,2,rank_direct,9,0.1746,0.8254,0.0,0.3745,0.0,0.2194,7.5802,6.9365,,percent,percent_direct
10,2,rank_save,9,0.0304,0.9696,0.0,0.5434,0.0013,0.0514,8.2901,5.7912,0.3418,percent,percent_direct
10,2,percent_direct,9,0.4489,0.5510999999999999,0.0018,0.1673,0.0,0.509,6.067,8.1007,,percent,percent_direct
10,2,percent_save,9,0.3006,0.6994,0.0,0.2652,0.0,0.2468,6.9468,7.3585,0.3244,percent,percent_direct
10,3,rank_direct,8,0.8846,0.11539999999999995,0.0,0.8846,0.0,0.2896,7.8217,6.6338,,percent,percent_direct
10,3,rank_save,8,0.9793,0.02070000000000005,0.0,0.9793,0.0,0.2398,7.9742,6.3492,0.1067,percent,percent_direct
10,3,percent_direct,8,0.7552,0.24480000000000002,0.0118,0.7552,0.0,0.4043,7.2215,6.9354,,percent,percent_direct
10,3,percent_save,8,0.923,0.07699999999999996,0.0,0.923,0.0,0.2521,7.8283,6.4946,0.198,percent,percent_direct
10,5,rank_direct,7,0.9525,0.04749999999999999,0.0,0.9525,0.0,0.3403,6.8971,5.8213,,percent,percent_direct
10,5,rank_save,7,0.9913,0.008700000000000041,0.0,0.9913,0.0002,0.3145,6.9824,5.6892,0.1077,percent,percent_direct
10,5,percent_direct,7,0.767,0.23299999999999998,0.0074,0.767,0.0,0.4639,6.3482,6.17,,percent,percent_direct
10,5,percent_save,7,0.9323,0.06769999999999998,0.0,0.9323,0.0,0.3215,6.8408,5.8175,0.1894,percent,percent_direct
10,6,rank_direct,6,0.9647,0.0353,0.0,0.9647,0.0,0.5315,5.9551,5.3386,,percent,percent_direct
10,6,rank_save,6,0.9964,0.0036000000000000476,0.0,0.9964,0.0008,0.5081,5.9956,5.2586,0.0653,percent,percent_direct
10,6,percent_direct,6,0.792,0.20799999999999996,0.0184,0.792,0.0,0.6671,5.5019,5.5912,,percent,percent_direct
10,6,percent_save,6,0.9473,0.05269999999999997,0.0,0.9473,0.0,0.5157,5.9068,5.3389,0.1775,percent,percent_direct
10,8,rank_direct,5,0.9785,0.021499999999999964,0.0,0.9785,0.0007,0.5321,4.9763,4.388,,percent,percent_direct
10,8,rank_save,5,0.9989,0.0010999999999999899,0.0,0.9989,0.003,0.5193,4.9989,4.3424,0.11,percent,percent_direct
10,8,percent_direct,5,0.812,0.18799999999999994,0.032,0.812,0.0001,0.6779,4.5374,4.6191,,percent,percent_direct
10,8,percent_save,5,0.9664,0.03359999999999996,0.0,0.9664,0.0011,0.5276,4.9384,4.3928,0.1681,percent,percent_direct
10,9,rank_direct,4,0.9818,0.018199999999999994,0.0,0.9818,0.0036,0.6705,3.9818,3.6169,,percent,percent_direct
10,9,rank_save,4,1.0,0.0,0.0,1.0,0.007,0.6537,4.0,3.5785,0.0182,percent,percent_direct
10,9,percent_direct,4,0.844,0.15600000000000003,0.1039,0.844,0.0003,0.8055,3.6362,3.7877,,percent,percent_direct
10,9,percent_save,4,0.9785,0.021499999999999964,0.0064,0.9785,0.0035,0.6626,3.9657,3.6116,0.144,percent,percent_direct
11,1,rank_direct,11,0.6748,0.32520000000000004,0.0,0.926,0.0,0.4097,8.8872,9.9335,,percent,percent_direct
11,1,rank_save,11,0.7233,0.27669999999999995,0.0,0.9887,0.0,0.3702,8.9853,9.7489,0.0915,percent,percent_direct
11,1,percent_direct,11,0.5771,0.42290000000000005,0.0025,0.7837,0.0,0.5089,8.3552,10.2311,,percent,percent_direct
11,1,percent_save,11,0.6763,0.3237,0.0,0.9192,0.0,0.3876,8.789,9.9219,0.1587,percent,percent_direct
11,2,rank_direct,10,0.813,0.18700000000000006,0.0,0.813,0.0,0.2517,9.5803,8.3229,,percent,percent_direct
11,2,rank_save,10,0.9535,0.046499999999999986,0.0,0.9535,0.0,0.1746,9.9033,7.7818,0.2503,percent,percent_direct
11,2,percent_direct,10,0.7247,0.2753,0.011,0.7247,0.0,0.3589,8.8886,8.6457,,percent,percent_direct
11,2,percent_save,10,0.8673,0.13270000000000004,0.0,0.8673,0.0,0.1991,9.5802,8.0956,0.1871,percent,percent_direct
11,3,rank_direct,9,0.9213,0.07869999999999999,0.0,0.9213,0.0,0.3804,8.8919,7.8634,,percent,percent_direct
11,3,rank_save,9,0.9892,0.010800000000000032,0.0,0.9892,0.0,0.3468,8.9864,7.6713,0.1468,percent,percent_direct
11,3,percent_direct,9,0.6523,0.3477,0.0178,0.6523,0.0,0.6086,7.6259,8.4545,,percent,percent_direct
11,3,percent_save,9,0.8409,0.15910000000000002,0.0,0.8409,0.0,0.3873,8.5311,8.033,0.2514,percent,percent_direct
11,4,rank_direct,8,0.9058,0.09419999999999995,0.0,0.9058,0.0,0.3557,7.8719,6.852,,percent,percent_direct
11,4,rank_save,8,0.9828,0.017199999999999993,0.0,0.9828,0.0,0.3122,7.9801,6.6323,0.2053,percent,percent_direct
11,4,percent_direct,8,0.7401,0.2599,0.0042,0.7401,0.0,0.4715,7.3076,7.1841,,percent,percent_direct
11,4,percent_save,8,0.9121,0.08789999999999998,0.0,0.9121,0.0,0.3242,7.8283,6.7919,0.21,percent,percent_direct
11,5,rank_direct,7,0.4478,0.5522,0.0,0.3528,0.0001,0.3692,5.8525,5.8933,,percent,percent_direct
11,5,rank_save,7,0.1069,0.8931,0.0,0.6057,0.0142,0.0751,6.4944,4.6161,0.581,percent,percent_direct
11,5,percent_direct,7,0.6591,0.3409,0.026,0.0891,0.0,0.6824,4.8749,6.5929,,percent,percent_direct
11,5,percent_save,7,0.4989,0.5011,0.0,0.2587,0.0,0.2827,5.6657,5.8824,0.4343,percent,percent_direct
11,6,rank_direct,6,0.0083,0.9917,0.0,0.5328,0.0054,0.0766,5.3401,4.0696,,percent,percent_direct
11,6,rank_save,6,0.0,1.0,0.0,0.7685,0.0361,0.0064,5.7169,3.3237,0.5409,percent,percent_direct
11,6,percent_direct,6,0.6506,0.34940000000000004,0.0321,0.109,0.0003,0.7292,2.8447,5.6223,,percent,percent_direct
11,6,percent_save,6,0.1023,0.8976999999999999,0.0,0.2993,0.001,0.1153,4.4663,4.6722,0.6351,percent,percent_direct
11,8,rank_direct,5,0.6565,0.3435,0.0,0.3234,0.0029,0.4873,4.3033,4.3009,,percent,percent_direct
11,8,rank_save,5,0.1149,0.8851,0.0,0.8851,0.1914,0.0825,4.8851,2.728,0.5716,percent,percent_direct
11,8,percent_direct,5,0.7813,0.2187,0.1108,0.0722,0.0,0.7364,3.7041,4.7031,,percent,percent_direct
11,8,percent_save,5,0.6701,0.32989999999999997,0.0088,0.3106,0.0012,0.395,4.2737,4.1973,0.3592,percent,percent_direct
11,9,rank_direct,4,0.6347,0.36529999999999996,0.0,0.3629,0.0059,0.5878,3.3605,3.4999,,percent,percent_direct
11,9,rank_save,4,0.0231,0.9769,0.0,0.9769,0.33,0.0181,3.9769,1.9921,0.951,percent,percent_direct
11,9,percent_direct,4,0.8376,0.1624,0.0605,0.0566,0.0,0.9133,2.8903,3.9095,,percent,percent_direct
11,9,percent_save,4,0.639,0.361,0.0,0.3543,0.0059,0.5214,3.3476,3.4404,0.3942,percent,percent_direct
12,2,rank_direct,9,0.7474,0.25260000000000005,0.0,0.9618,0.0,0.4807,6.9497,8.2537,,percent,percent_direct
12,2,rank_save,9,0.7741,0.2259,0.0,0.9971,0.0,0.4553,6.9971,8.1648,0.1305,percent,percent_direct
12,2,percent_direct,9,0.6151,0.3849,0.0271,0.7928,0.0,0.6175,6.4348,8.5201,,percent,percent_direct
12,2,percent_save,9,0.7281,0.27190000000000003,0.002,0.9415,0.0,0.4674,6.875,8.2654,0.1703,percent,percent_direct
12,3,rank_direct,8,0.9117,0.08830000000000005,0.0,0.9117,0.0,0.356,7.8213,6.846,,percent,percent_direct
12,3,rank_save,8,0.9899,0.010099999999999998,0.0,0.9899,0.0001,0.3055,7.9798,6.5814,0.1914,percent,percent_direct
12,3,percent_direct,8,0.7353,0.26470000000000005,0.0372,0.7353,0.0,0.5353,6.9315,7.2684,,percent,percent_direct
12,3,percent_save,8,0.9002,0.0998,0.0025,0.9002,0.0,0.3452,7.6898,6.8478,0.1968,percent,percent_direct
12,4,rank_direct,7,0.7727,0.22729999999999995,0.0,0.2005,0.0,0.4874,6.1717,6.2576,,percent,percent_direct
12,4,rank_save,7,0.3066,0.6934,0.0,0.6912,0.0263,0.1467,6.6888,4.612,0.5643,percent,percent_direct
12,4,percent_direct,7,0.6744,0.3256,0.0285,0.0921,0.0,0.7249,5.4057,6.6493,,percent,percent_direct
12,4,percent_save,7,0.6793,0.3207,0.0,0.2598,0.0,0.3994,6.1285,6.1028,0.3443,percent,percent_direct
12,6,rank_direct,6,0.9597,0.0403,0.0,0.9597,0.0,0.5303,5.9554,5.3649,,percent,percent_direct
12,6,rank_save,6,0.9975,0.0024999999999999467,0.0,0.9975,0.0,0.5015,5.997,5.2768,0.0397,percent,percent_direct
12,6,percent_direct,6,0.7903,0.2097,0.0696,0.7903,0.0,0.6852,5.3955,5.619,,percent,percent_direct
12,6,percent_save,6,0.9464,0.05359999999999998,0.0028,0.9464,0.0,0.5172,5.9041,5.3661,0.1791,percent,percent_direct
12,7,rank_direct,5,0.4132,0.5868,0.0,0.5818,0.0,0.4624,3.5768,4.3414,,percent,percent_direct
12,7,rank_save,5,0.023,0.977,0.0,0.977,0.0,0.094,3.977,3.4223,0.8773,percent,percent_direct
12,7,percent_direct,5,0.7614,0.23860000000000003,0.0496,0.125,0.0,0.9015,2.9618,4.8965,,percent,percent_direct
12,7,percent_save,5,0.4525,0.5475,0.0,0.539,0.0,0.4004,3.5305,4.3217,0.5038,percent,percent_direct
12,8,rank_direct,4,0.6408,0.35919999999999996,0.0,0.3545,0.007,0.5852,3.3498,3.4936,,percent,percent_direct
12,8,rank_save,4,0.035,0.965,0.0,0.965,0.3525,0.018,3.965,1.9704,0.6749,percent,percent_direct
12,8,percent_direct,4,0.8105,0.1895,0.0606,0.0773,0.0012,0.8877,2.9045,3.8728,,percent,percent_direct
12,8,percent_save,4,0.6102,0.38980000000000004,0.0,0.384,0.011,0.4849,3.3782,3.3547,0.4054,percent,percent_direct
12,9,rank_direct,3,0.9904,0.009600000000000053,0.0,0.9904,0.0459,0.5791,2.9904,2.5332,,percent,percent_direct
12,9,rank_save,3,1.0,0.0,0.0,1.0,0.0555,0.5695,3.0,2.514,0.1517,percent,percent_direct
12,9,percent_direct,3,0.9154,0.08460000000000001,0.0299,0.9154,0.0296,0.6404,2.8855,2.6108,,percent,percent_direct
12,9,percent_save,3,0.9943,0.005700000000000038,0.0,0.9943,0.0498,0.5695,2.9943,2.5197,0.0809,percent,percent_direct
13,1,rank_direct,11,0.9137,0.08630000000000004,0.0,0.9137,0.0,0.2924,10.8054,9.4716,,percent,percent_direct
13,1,rank_save,11,0.9858,0.01419999999999999,0.0,0.9858,0.0,0.2484,10.97,9.2067,0.0986,percent,percent_direct
13,1,percent_direct,11,0.681,0.31899999999999995,0.0101,0.681,0.0,0.4503,9.7212,10.1019,,percent,percent_direct
13,1,percent_save,11,0.8466,0.15339999999999998,0.0012,0.8466,0.0,0.2878,10.4522,9.6223,0.2129,percent,percent_direct
13,3,rank_direct,10,0.0308,0.9692,0.0,0.4613,0.0001,0.1289,9.0163,7.4465,,percent,percent_direct
13,3,rank_save,10,0.0026,0.9974,0.0,0.6955,0.0007,0.0361,9.6014,6.2572,0.4133,percent,percent_direct
13,3,percent_direct,10,0.4146,0.5853999999999999,0.036,0.1435,0.0,0.7281,5.2251,9.5771,,percent,percent_direct
13,3,percent_save,10,0.2937,0.7062999999999999,0.0,0.2605,0.0,0.3929,6.7422,8.9228,0.3459,percent,percent_direct
13,4,rank_direct,9,0.414,0.5860000000000001,0.0,0.4549,0.0,0.3643,7.3409,7.6343,,percent,percent_direct
13,4,rank_save,9,0.255,0.745,0.0,0.6662,0.0027,0.2145,7.9971,6.5904,0.2305,percent,percent_direct
13,4,percent_direct,9,0.5962,0.40380000000000005,0.0151,0.0876,0.0,0.6954,5.7621,8.6281,,percent,percent_direct
13,4,percent_save,9,0.5893,0.41069999999999995,0.0,0.2208,0.0,0.4471,6.5799,8.2056,0.2771,percent,percent_direct
13,5,rank_direct,8,0.9205,0.07950000000000002,0.0,0.9205,0.0001,0.3916,7.8969,6.9806,,percent,percent_direct
13,5,rank_save,8,0.9893,0.010700000000000043,0.0,0.9893,0.0001,0.3528,7.9879,6.7884,0.0716,percent,percent_direct
13,5,percent_direct,8,0.71,0.29000000000000004,0.021,0.71,0.0,0.5899,6.9265,7.4284,,percent,percent_direct
13,5,percent_save,8,0.8857,0.11429999999999996,0.0,0.8857,0.0,0.3828,7.6987,7.037,0.2264,percent,percent_direct
13,6,rank_direct,7,0.9454,0.05459999999999998,0.0,0.9454,0.0,0.4065,6.9274,6.073,,percent,percent_direct
13,6,rank_save,7,0.991,0.009000000000000008,0.0,0.991,0.0,0.3752,6.9898,5.9531,0.0485,percent,percent_direct
13,6,percent_direct,7,0.7335,0.26649999999999996,0.0395,0.7335,0.0,0.5758,6.2438,6.4292,,percent,percent_direct
13,6,percent_save,7,0.9226,0.07740000000000002,0.0021,0.9226,0.0,0.387,6.8471,6.0752,0.2252,percent,percent_direct
13,7,rank_direct,6,0.7099,0.2901,0.0,0.2701,0.0,0.5465,5.2474,5.4025,,percent,percent_direct
13,7,rank_save,6,0.2384,0.7616,0.0,0.7605,0.0575,0.1566,5.7594,3.8876,0.7004,percent,percent_direct
13,7,percent_direct,6,0.6997,0.3003,0.0458,0.082,0.0,0.8334,4.5796,5.8151,,percent,percent_direct
13,7,percent_save,6,0.6884,0.3116,0.0,0.2682,0.0,0.4819,5.2015,5.3451,0.3601,percent,percent_direct
13,8,rank_direct,5,0.9657,0.0343,0.0,0.9657,0.0002,0.5304,4.9651,4.393,,percent,percent_direct
13,8,rank_save,5,0.9989,0.0010999999999999899,0.0,0.9989,0.0012,0.5056,4.9989,4.3212,0.0374,percent,percent_direct
13,8,percent_direct,5,0.8148,0.18520000000000003,0.0295,0.8148,0.0001,0.6745,4.5129,4.6045,,percent,percent_direct
13,8,percent_save,5,0.9674,0.03259999999999996,0.0,0.9674,0.0011,0.5157,4.9366,4.3749,0.1655,percent,percent_direct
13,9,rank_direct,4,0.9725,0.02749999999999997,0.0,0.9725,0.0044,0.5688,3.9698,3.476,,percent,percent_direct
13,9,rank_save,4,0.9982,0.0018000000000000238,0.0,0.9982,0.0105,0.5452,3.9982,3.4206,0.0257,percent,percent_direct
13,9,percent_direct,4,0.8676,0.13239999999999996,0.0396,0.8676,0.0036,0.6632,3.7584,3.6002,,percent,percent_direct
13,9,percent_save,4,0.9858,0.01419999999999999,0.0,0.9858,0.0099,0.5463,3.9821,3.4336,0.1241,percent,percent_direct
14,3,rank_direct,9,0.6473,0.3527,0.0,0.9916,0.0,0.7024,4.9824,8.6347,,percent,percent_direct
14,3,rank_save,9,0.6532,0.3468,0.0,0.9998,0.0,0.6942,4.9996,8.6093,0.0158,percent,percent_direct
14,3,percent_direct,9,0.5348,0.46519999999999995,0.0237,0.825,0.0,0.8588,4.5603,8.8484,,percent,percent_direct
14,3,percent_save,9,0.624,0.376,0.0,0.9596,0.0,0.713,4.9143,8.6809,0.1472,percent,percent_direct
14,4,rank_direct,8,0.7432,0.25680000000000003,0.0,0.2415,0.0,0.4355,7.2102,7.1036,,percent,percent_direct
14,4,rank_save,8,0.3081,0.6919,0.0,0.6894,0.0107,0.1659,7.6844,5.5721,0.4964,percent,percent_direct
14,4,percent_direct,8,0.6442,0.3558,0.0309,0.0947,0.0,0.6941,6.2034,7.6275,,percent,percent_direct
14,4,percent_save,8,0.6648,0.33520000000000005,0.0,0.251,0.0,0.3839,7.0373,7.1026,0.3469,percent,percent_direct
14,5,rank_direct,7,0.9332,0.06679999999999997,0.0,0.9332,0.0,0.3923,6.9108,6.0301,,percent,percent_direct
14,5,rank_save,7,0.9877,0.012299999999999978,0.0,0.9877,0.0,0.3582,6.9855,5.8825,0.0629,percent,percent_direct
14,5,percent_direct,7,0.7321,0.2679,0.07,0.7321,0.0,0.5747,6.1287,6.4128,,percent,percent_direct
14,5,percent_save,7,0.91,0.08999999999999997,0.0049,0.91,0.0,0.3738,6.8007,6.037,0.2231,percent,percent_direct
14,6,rank_direct,6,0.9359,0.06410000000000005,0.0,0.9359,0.0,0.4478,5.9258,5.2057,,percent,percent_direct
14,6,rank_save,6,0.9901,0.00990000000000002,0.0,0.9901,0.0009,0.4075,5.9899,5.0762,0.0649,percent,percent_direct
14,6,percent_direct,6,0.7925,0.20750000000000002,0.0157,0.7925,0.0,0.5771,5.476,5.4361,,percent,percent_direct
14,6,percent_save,6,0.9436,0.056400000000000006,0.0,0.9436,0.0003,0.4169,5.8998,5.1584,0.1784,percent,percent_direct
14,7,rank_direct,5,0.7112,0.28879999999999995,0.0,0.279,0.0009,0.5842,4.269,4.4587,,percent,percent_direct
14,7,rank_save,5,0.1238,0.8762,0.0,0.8757,0.1706,0.0759,4.8752,2.7744,0.8504,percent,percent_direct
14,7,percent_direct,5,0.7752,0.2248,0.0454,0.059,0.0,0.8568,3.7332,4.8424,,percent,percent_direct
14,7,percent_save,5,0.7019,0.29810000000000003,0.0,0.2759,0.0003,0.5102,4.2455,4.3881,0.3526,percent,percent_direct
14,9,rank_direct,2,0.0,1.0,0.0,1.0,0.9795,0.0205,2.0,1.0205,,percent,percent_direct
14,9,rank_save,2,0.0,1.0,0.0,1.0,0.9795,0.0205,2.0,1.0205,0.0,percent,percent_direct
14,9,percent_direct,2,0.9454,0.05459999999999998,0.9454,0.0546,0.0341,0.9659,1.0546,1.9659,,percent,percent_direct
14,9,percent_save,2,0.0,1.0,0.0,1.0,0.9795,0.0205,2.0,1.0205,0.9454,percent,percent_direct
15,2,rank_direct,10,0.0688,0.9312,0.0,0.3888,0.0,0.1968,8.7563,7.8279,,percent,percent_direct
15,2,rank_save,10,0.0186,0.9814,0.0,0.5778,0.0,0.0773,9.3571,6.7219,0.3591,percent,percent_direct
15,2,percent_direct,10,0.3963,0.6037,0.0188,0.1249,0.0,0.6684,6.0136,9.5159,,percent,percent_direct
15,2,percent_save,10,0.3003,0.6997,0.0,0.2038,0.0,0.3803,7.0898,9.0018,0.3079,percent,percent_direct
15,3,rank_direct,9,0.5845,0.4155,0.0,0.2986,0.0,0.4653,7.5608,8.0549,,percent,percent_direct
15,3,rank_save,9,0.3493,0.6507000000000001,0.0,0.5807,0.0018,0.2476,8.16,6.8512,0.3194,percent,percent_direct
15,3,percent_direct,9,0.5794,0.4206,0.0794,0.0642,0.0,0.8163,6.1321,8.7842,,percent,percent_direct
15,3,percent_save,9,0.6483,0.3517,0.0026,0.1725,0.0,0.4998,7.1386,8.334,0.3231,percent,percent_direct
15,4,rank_direct,8,0.7312,0.26880000000000004,0.0,0.2162,0.0,0.4559,7.1514,7.1583,,percent,percent_direct
15,4,rank_save,8,0.4111,0.5889,0.0,0.5826,0.0052,0.1951,7.5754,5.8633,0.5968,percent,percent_direct
15,4,percent_direct,8,0.6352,0.3648,0.0446,0.0851,0.0,0.7215,6.1437,7.649,,percent,percent_direct
15,4,percent_save,8,0.6756,0.3244,0.0,0.2277,0.0,0.3832,7.0126,7.0997,0.3551,percent,percent_direct
15,6,rank_direct,7,0.0,1.0,0.0,0.527,0.0018,0.1196,6.3048,5.1054,,percent,percent_direct
15,6,rank_save,7,0.0,1.0,0.0,0.7782,0.037,0.0507,6.7364,4.15,0.3076,percent,percent_direct
15,6,percent_direct,7,0.5673,0.4327,0.6379,0.0904,0.0,0.8324,2.5197,6.8115,,percent,percent_direct
15,6,percent_save,7,0.0961,0.9039,0.1381,0.2114,0.0,0.2887,4.643,6.1348,0.5501,percent,percent_direct
15,8,rank_direct,6,0.9532,0.04679999999999995,0.0,0.9532,0.0,0.5513,5.946,5.415,,percent,percent_direct
15,8,rank_save,6,0.9947,0.005299999999999971,0.0,0.9947,0.0003,0.5183,5.9945,5.313,0.0756,percent,percent_direct
15,8,percent_direct,6,0.7464,0.25360000000000005,0.0449,0.7464,0.0,0.7585,5.2646,5.7222,,percent,percent_direct
15,8,percent_save,6,0.9291,0.07089999999999996,0.0,0.9291,0.0,0.5433,5.8646,5.4367,0.2171,percent,percent_direct
16,2,rank_direct,9,,,0.0,0.5153,0.0,0.3235,7.8537,7.5143,,percent,percent_direct
16,2,rank_save,9,,,0.0,0.7229,0.001,0.1739,8.4192,6.5084,0.3182,percent,percent_direct
16,2,percent_direct,9,,,0.0322,0.2511,0.0,0.5811,6.5039,8.4102,,percent,percent_direct
16,2,percent_save,9,,,0.002,0.3846,0.0,0.3321,7.3151,7.8626,0.2889,percent,percent_direct
16,3,rank_direct,9,0.8944,0.10560000000000003,0.0,0.8944,0.0,0.3427,8.8474,7.754,,percent,percent_direct
16,3,rank_save,9,0.9727,0.02729999999999999,0.0,0.9727,0.0,0.2999,8.9675,7.5158,0.2211,percent,percent_direct
16,3,percent_direct,9,0.7183,0.28169999999999995,0.023,0.7183,0.0,0.4699,8.1954,8.1277,,percent,percent_direct
16,3,percent_save,9,0.8981,0.10189999999999999,0.0007,0.8981,0.0,0.3118,8.7824,7.699,0.2204,percent,percent_direct
16,5,rank_direct,8,0.822,0.17800000000000005,0.0,0.9147,0.0,0.4302,6.8877,7.1019,,percent,percent_direct
16,5,rank_save,8,0.8873,0.11270000000000002,0.0,0.9878,0.0,0.3833,6.986,6.9016,0.1012,percent,percent_direct
16,5,percent_direct,8,0.7232,0.27680000000000005,0.0152,0.7996,0.0,0.54,6.475,7.3166,,percent,percent_direct
16,5,percent_save,8,0.8524,0.14759999999999995,0.0,0.9482,0.0,0.3918,6.9063,6.9926,0.1707,percent,percent_direct
16,6,rank_direct,7,0.9401,0.05989999999999995,0.0,0.9401,0.0,0.4325,6.9209,6.1155,,percent,percent_direct
16,6,rank_save,7,0.9927,0.007299999999999973,0.0,0.9927,0.0,0.3978,6.9919,5.9756,0.164,percent,percent_direct
16,6,percent_direct,7,0.7048,0.2952,0.0324,0.7048,0.0,0.6402,6.071,6.5347,,percent,percent_direct
16,6,percent_save,7,0.8985,0.10150000000000003,0.0,0.8985,0.0,0.4193,6.7804,6.1625,0.243,percent,percent_direct
16,7,rank_direct,6,0.8835,0.11650000000000005,0.0,0.8835,0.0,0.3644,5.8481,4.9652,,percent,percent_direct
16,7,rank_save,6,0.9811,0.018900000000000028,0.0,0.9811,0.0015,0.3002,5.9785,4.7138,0.1102,percent,percent_direct
16,7,percent_direct,6,0.8333,0.16669999999999996,0.0268,0.8333,0.0014,0.4346,5.5537,5.0687,,percent,percent_direct
16,7,percent_save,6,0.9614,0.03859999999999997,0.0,0.9614,0.0033,0.3053,5.935,4.7527,0.1462,percent,percent_direct
16,8,rank_direct,5,0.9363,0.06369999999999998,0.0,0.9363,0.0002,0.4958,4.9266,4.3217,,percent,percent_direct
16,8,rank_save,5,0.9931,0.006900000000000017,0.0,0.9931,0.002,0.4466,4.9931,4.1885,0.221,percent,percent_direct
16,8,percent_direct,5,0.837,0.16300000000000003,0.0326,0.837,0.0008,0.5977,4.6107,4.4699,,percent,percent_direct
16,8,percent_save,5,0.9647,0.0353,0.0,0.9647,0.0017,0.4552,4.9442,4.238,0.1463,percent,percent_direct
17,2,rank_direct,10,0.6925,0.3075,0.0,0.2141,0.0,0.3614,9.0818,8.7633,,percent,percent_direct
17,2,rank_save,10,0.4831,0.5169,0.0,0.4995,0.0001,0.1777,9.4772,7.5755,0.4034,percent,percent_direct
17,2,percent_direct,10,0.6281,0.3719,0.0074,0.1068,0.0,0.5307,8.1913,9.2701,,percent,percent_direct
17,2,percent_save,10,0.65,0.35,0.0,0.2427,0.0,0.2877,8.9435,8.6458,0.3118,percent,percent_direct
17,3,rank_direct,9,0.825,0.17500000000000004,0.0,0.9449,0.0,0.3132,7.8315,7.6348,,percent,percent_direct
17,3,rank_save,9,0.8649,0.1351,0.0,0.9893,0.0,0.2755,7.9679,7.4458,0.1114,percent,percent_direct
17,3,percent_direct,9,0.7081,0.29190000000000005,0.0148,0.8029,0.0,0.4491,7.2003,8.0037,,percent,percent_direct
17,3,percent_save,9,0.8161,0.18389999999999995,0.0,0.933,0.0,0.302,7.7762,7.6136,0.1509,percent,percent_direct
17,4,rank_direct,8,0.9403,0.059699999999999975,0.0,0.9403,0.0,0.3285,7.8748,6.7742,,percent,percent_direct
17,4,rank_save,8,0.9903,0.009700000000000042,0.0,0.9903,0.0,0.2974,7.9806,6.6027,0.1423,percent,percent_direct
17,4,percent_direct,8,0.7082,0.29179999999999995,0.0681,0.7082,0.0,0.5215,6.9029,7.2775,,percent,percent_direct
17,4,percent_save,8,0.892,0.10799999999999998,0.0084,0.892,0.0,0.3273,7.6912,6.8493,0.2192,percent,percent_direct
17,5,rank_direct,7,0.0,1.0,0.0,0.5568,0.0044,0.0952,6.2676,4.8768,,percent,percent_direct
17,5,rank_save,7,0.0,1.0,0.0,0.8133,0.0574,0.0231,6.7697,3.8791,0.4852,percent,percent_direct
17,5,percent_direct,7,0.5508,0.44920000000000004,0.6183,0.0993,0.0,0.789,2.5314,6.7234,,percent,percent_direct
17,5,percent_save,7,0.0871,0.9129,0.1296,0.2461,0.0,0.256,4.5991,5.9761,0.541,percent,percent_direct
17,8,rank_direct,6,0.3854,0.6146,0.0,0.4113,0.0001,0.3718,5.0253,4.9651,,percent,percent_direct
17,8,rank_save,6,0.0138,0.9862,0.0,0.683,0.0488,0.0383,5.6692,3.7081,0.5617,percent,percent_direct
17,8,percent_direct,6,0.6942,0.30579999999999996,0.0454,0.0721,0.0,0.8215,3.8612,5.7973,,percent,percent_direct
17,8,percent_save,6,0.4886,0.5114000000000001,0.0,0.2389,0.0,0.368,4.6888,5.1768,0.4622,percent,percent_direct
17,9,rank_direct,5,0.035,0.965,0.0,0.6212,0.0111,0.0914,4.4853,3.3074,,percent,percent_direct
17,9,rank_save,5,0.0,1.0,0.0,0.8059,0.0778,0.0061,4.7695,2.7991,0.4113,percent,percent_direct
17,9,percent_direct,5,0.7351,0.2649,0.0506,0.0926,0.0004,0.8302,2.4159,4.78,,percent,percent_direct
17,9,percent_save,5,0.1909,0.8091,0.0,0.345,0.0035,0.1863,3.754,3.8783,0.649,percent,percent_direct
17,10,rank_direct,4,0.6179,0.3821,0.0,0.3653,0.0218,0.5191,3.3485,3.3552,,percent,percent_direct
17,10,rank_save,4,0.0584,0.9416,0.0,0.9416,0.3671,0.0199,3.9416,1.9344,0.6565,percent,percent_direct
17,10,percent_direct,4,0.8436,0.15639999999999998,0.041,0.0619,0.0021,0.7667,2.9264,3.7333,,percent,percent_direct
17,10,percent_save,4,0.6124,0.38759999999999994,0.0,0.3804,0.0243,0.3781,3.3732,3.1675,0.4022,percent,percent_direct
18,1,rank_direct,9,0.9774,0.022599999999999953,0.0,0.9774,0.0,0.3249,8.9322,7.7044,,percent,percent_direct
18,1,rank_save,9,0.9979,0.0020999999999999908,0.0,0.9979,0.0,0.3113,8.9937,7.6181,0.0205,percent,percent_direct
18,1,percent_direct,9,0.7125,0.2875,0.0135,0.7125,0.0,0.5366,7.6894,8.3127,,percent,percent_direct
18,1,percent_save,9,0.8764,0.12360000000000004,0.0,0.8764,0.0,0.3545,8.532,7.936,0.2055,percent,percent_direct
18,2,rank_direct,8,,,0.0,0.8999,0.0,0.4554,5.7998,7.1114,,percent,percent_direct
18,2,rank_save,8,,,0.0,0.9873,0.0,0.3929,5.9746,6.8212,0.1828,percent,percent_direct
18,2,percent_direct,8,,,0.2468,0.5419,0.0,0.8286,4.3434,7.7983,,percent,percent_direct
18,2,percent_save,8,,,0.0623,0.7621,0.0,0.5386,5.3373,7.4029,0.2905,percent,percent_direct
18,6,rank_direct,8,0.8447,0.1553,0.0,0.9484,0.0,0.5082,6.9385,7.2861,,percent,percent_direct
18,6,rank_save,8,0.885,0.11499999999999999,0.0,0.9954,0.0,0.4747,6.9954,7.1657,0.0524,percent,percent_direct
18,6,percent_direct,8,0.6146,0.38539999999999996,0.0283,0.6897,0.0,0.7507,5.9953,7.7047,,percent,percent_direct
18,6,percent_save,8,0.8024,0.1976,0.0,0.901,0.0,0.5022,6.7721,7.3497,0.2572,percent,percent_direct
18,7,rank_direct,7,0.9533,0.046699999999999964,0.0,0.9533,0.0,0.5159,6.9397,6.328,,percent,percent_direct
18,7,rank_save,7,0.9936,0.006399999999999961,0.0,0.9936,0.0001,0.4859,6.9927,6.2228,0.1515,percent,percent_direct
18,7,percent_direct,7,0.6908,0.30920000000000003,0.0382,0.6908,0.0,0.7739,5.9682,6.7423,,percent,percent_direct
18,7,percent_save,7,0.9003,0.09970000000000001,0.0,0.9003,0.0,0.5164,6.7753,6.3981,0.2616,percent,percent_direct
18,8,rank_direct,6,0.3318,0.6682,0.0,0.6682,0.0,0.4099,3.6682,5.2732,,percent,percent_direct
18,8,rank_save,6,0.0,1.0,0.0,1.0,0.0,0.1138,4.0,4.5348,0.6736,percent,percent_direct
18,8,percent_direct,6,0.6915,0.3085,0.1169,0.1916,0.0,0.8732,2.9578,5.8627,,percent,percent_direct
18,8,percent_save,6,0.3529,0.6471,0.008,0.6391,0.0,0.3416,3.6231,5.236,0.534,percent,percent_direct
18,9,rank_direct,5,0.4287,0.5712999999999999,0.0,0.5247,0.0021,0.4624,4.0481,4.0898,,percent,percent_direct
18,9,rank_save,5,0.0819,0.9181,0.0,0.8995,0.1551,0.1095,4.799,2.8343,0.4374,percent,percent_direct
18,9,percent_direct,5,0.7612,0.2388,0.041,0.0668,0.0,0.9243,2.9823,4.9177,,percent,percent_direct
18,9,percent_save,5,0.6555,0.34450000000000003,0.0,0.2772,0.0001,0.6153,3.5489,4.5485,0.3091,percent,percent_direct
19,1,rank_direct,11,0.7055,0.2945,0.0,0.1773,0.0,0.3125,9.988,9.6028,,percent,percent_direct
19,1,rank_save,11,0.5098,0.49019999999999997,0.0,0.4713,0.0,0.1304,10.4406,8.3188,0.3965,percent,percent_direct
19,1,percent_direct,11,0.6757,0.32430000000000003,0.0034,0.1006,0.0,0.4102,9.3835,9.9404,,percent,percent_direct
19,1,percent_save,11,0.6391,0.3609,0.0,0.2544,0.0,0.2146,9.9981,9.2704,0.2849,percent,percent_direct
19,2,rank_direct,10,0.4238,0.5762,0.0,0.4014,0.0,0.38,8.1779,8.6852,,percent,percent_direct
19,2,rank_save,10,0.2714,0.7286,0.0,0.6098,0.0002,0.2286,8.8282,7.6676,0.2761,percent,percent_direct
19,2,percent_direct,10,0.5178,0.48219999999999996,0.0196,0.1191,0.0,0.6907,6.7507,9.5725,,percent,percent_direct
19,2,percent_save,10,0.524,0.476,0.0,0.2444,0.0,0.4317,7.6259,9.0845,0.2751,percent,percent_direct
19,3,rank_direct,9,0.9161,0.08389999999999997,0.0,0.9161,0.0,0.396,8.8831,7.9488,,percent,percent_direct
19,3,rank_save,9,0.9864,0.013599999999999945,0.0,0.9864,0.0002,0.3548,8.9842,7.7414,0.1843,percent,percent_direct
19,3,percent_direct,9,0.6958,0.3042,0.0219,0.6958,0.0,0.5796,7.81,8.4038,,percent,percent_direct
19,3,percent_save,9,0.8803,0.11970000000000003,0.0017,0.8803,0.0,0.385,8.6805,8.0034,0.2339,percent,percent_direct
19,4,rank_direct,8,0.4822,0.5178,0.0,0.3188,0.0,0.3266,6.7484,6.7666,,percent,percent_direct
19,4,rank_save,8,0.1529,0.8471,0.0,0.5505,0.0025,0.0724,7.3916,5.4318,0.6975,percent,percent_direct
19,4,percent_direct,8,0.6354,0.36460000000000004,0.0201,0.104,0.0,0.5575,5.9163,7.3377,,percent,percent_direct
19,4,percent_save,8,0.4476,0.5524,0.0,0.2852,0.0,0.1975,6.7336,6.4934,0.433,percent,percent_direct
19,6,rank_direct,7,0.5704,0.4296,0.0,0.3505,0.0004,0.4592,5.6829,6.0542,,percent,percent_direct
19,6,rank_save,7,0.275,0.725,0.0,0.6786,0.0243,0.2089,6.3562,4.7776,0.5498,percent,percent_direct
19,6,percent_direct,7,0.6626,0.33740000000000003,0.0477,0.0663,0.0,0.7768,4.6393,6.7405,,percent,percent_direct
19,6,percent_save,7,0.6829,0.31710000000000005,0.0,0.2013,0.0,0.4858,5.3373,6.3152,0.3064,percent,percent_direct
19,8,rank_direct,6,0.9007,0.09930000000000005,0.0,0.9007,0.0001,0.3747,5.8696,5.0143,,percent,percent_direct
19,8,rank_save,6,0.9853,0.014700000000000046,0.0,0.9853,0.0011,0.3157,5.9835,4.7967,0.223,percent,percent_direct
19,8,percent_direct,6,0.8173,0.18269999999999997,0.0227,0.8173,0.0005,0.4622,5.5399,5.1663,,percent,percent_direct
19,8,percent_save,6,0.9584,0.04159999999999997,0.0,0.9584,0.0014,0.3204,5.9243,4.8455,0.1613,percent,percent_direct
19,9,rank_direct,5,0.981,0.019000000000000017,0.0,0.981,0.0,0.66,4.979,4.5911,,percent,percent_direct
19,9,rank_save,5,0.9981,0.0019000000000000128,0.0,0.9981,0.0016,0.646,4.9981,4.5514,0.0371,percent,percent_direct
19,9,percent_direct,5,0.7909,0.20909999999999995,0.0999,0.7909,0.0,0.8465,4.4302,4.8337,,percent,percent_direct
19,9,percent_save,5,0.9558,0.04420000000000002,0.0078,0.9558,0.0002,0.6645,4.9147,4.623,0.1842,percent,percent_direct
1,2,rank_direct,5,0.3658,0.6342,0.0,0.4356,0.0303,0.3015,4.066,3.592,,rank,rank_direct
1,2,rank_save,5,0.0365,0.9635,0.0,0.702,0.1365,0.0003,4.6655,2.5864,0.4021,rank,rank_direct
1,2,percent_direct,5,0.7053,0.29469999999999996,0.0624,0.0393,0.0,0.75,2.8968,4.6907,,rank,rank_direct
1,2,percent_save,5,0.4936,0.5064,0.0,0.1947,0.0038,0.2528,3.6621,3.883,0.5229,rank,rank_direct
1,3,rank_direct,4,0.9788,0.021199999999999997,0.0,0.9788,0.0998,0.2124,3.9719,2.6678,,rank,rank_direct
1,3,rank_save,4,0.9951,0.0049000000000000155,0.0,0.9951,0.1108,0.1995,3.9951,2.6276,0.0212,rank,rank_direct
1,3,percent_direct,4,0.5635,0.4365,0.1575,0.5635,0.0081,0.5994,3.008,3.4717,,rank,rank_direct
1,3,percent_save,4,0.813,0.18700000000000006,0.0,0.813,0.0264,0.224,3.6933,2.9119,0.3786,rank,rank_direct
1,5,rank_direct,3,0.9069,0.09309999999999996,0.0,0.9069,0.1297,0.5591,2.9069,2.4294,,rank,rank_direct
1,5,rank_save,3,1.0,0.0,0.0,1.0,0.2228,0.466,3.0,2.2432,0.0931,rank,rank_direct
1,5,percent_direct,3,0.5435,0.4565,0.224,0.5435,0.0019,0.8911,2.3195,2.8892,,rank,rank_direct
1,5,percent_save,3,0.8205,0.1795,0.0,0.8205,0.0433,0.5277,2.8205,2.4844,0.3666,rank,rank_direct
20,2,rank_direct,10,0.0218,0.9782,0.0,0.4043,0.0,0.1439,8.9442,7.4975,,percent,percent_direct
20,2,rank_save,10,0.0,1.0,0.0,0.6451,0.0001,0.0489,9.4826,6.3135,0.395,percent,percent_direct
20,2,percent_direct,10,0.2775,0.7224999999999999,0.1041,0.1652,0.0,0.5684,5.897,9.261,,percent,percent_direct
20,2,percent_save,10,0.1366,0.8634,0.0181,0.2418,0.0,0.2401,7.1422,8.5772,0.3587,percent,percent_direct
20,3,rank_direct,9,0.8391,0.16090000000000004,0.0,0.9358,0.0,0.4112,7.9141,8.0271,,percent,percent_direct
20,3,rank_save,9,0.888,0.11199999999999999,0.0,0.9917,0.0,0.3796,7.9897,7.8752,0.0713,percent,percent_direct
20,3,percent_direct,9,0.6907,0.3093,0.0086,0.7679,0.0,0.5429,7.3553,8.3445,,percent,percent_direct
20,3,percent_save,9,0.8347,0.1653,0.0,0.9306,0.0,0.3894,7.8486,8.0099,0.1896,percent,percent_direct
20,4,rank_direct,8,0.2623,0.7377,0.0,0.4412,0.0,0.283,6.8339,6.5009,,percent,percent_direct
20,4,rank_save,8,0.0649,0.9351,0.0,0.638,0.0026,0.0917,7.4743,5.4331,0.3741,percent,percent_direct
20,4,percent_direct,8,0.6129,0.3871,0.0196,0.0883,0.0,0.7178,5.0913,7.6485,,percent,percent_direct
20,4,percent_save,8,0.4699,0.5301,0.0,0.2408,0.0,0.3597,6.1044,7.0412,0.3919,percent,percent_direct
20,5,rank_direct,7,0.2777,0.7222999999999999,0.0,0.6786,0.0,0.3011,5.3431,5.7274,,percent,percent_direct
20,5,rank_save,7,0.067,0.933,0.0,0.9204,0.0,0.1071,5.8402,4.8929,0.2556,percent,percent_direct
20,5,percent_direct,7,0.7046,0.2954,0.0254,0.151,0.0,0.6566,4.1331,6.5804,,percent,percent_direct
20,5,percent_save,7,0.444,0.556,0.0,0.4985,0.0,0.3048,4.9809,5.9468,0.4137,percent,percent_direct
20,6,rank_direct,6,0.9154,0.08460000000000001,0.0,0.9771,0.0,0.6475,4.9737,5.5699,,percent,percent_direct
20,6,rank_save,6,0.9347,0.06530000000000002,0.0,0.9981,0.0,0.629,4.9981,5.5222,0.0873,percent,percent_direct
20,6,percent_direct,6,0.7097,0.2903,0.0671,0.7555,0.0,0.8618,4.3833,5.8521,,percent,percent_direct
20,6,percent_save,6,0.8882,0.11180000000000001,0.0,0.9478,0.0,0.6473,4.909,5.6031,0.2173,percent,percent_direct
20,7,rank_direct,5,0.0,1.0,0.0,0.7525,0.0711,0.0887,4.4921,3.1198,,percent,percent_direct
20,7,rank_save,5,0.0,1.0,0.0,0.993,0.2775,0.0123,4.986,2.356,0.2439,percent,percent_direct
20,7,percent_direct,5,0.7157,0.2843,0.7157,0.0949,0.0002,0.8465,1.7189,4.8124,,percent,percent_direct
20,7,percent_save,5,0.0,1.0,0.0,0.3141,0.0016,0.1104,3.4557,3.9338,0.739,percent,percent_direct
20,8,rank_direct,4,0.5719,0.42810000000000004,0.0,0.4045,0.0196,0.4928,3.3809,3.3092,,percent,percent_direct
20,8,rank_save,4,0.0681,0.9319,0.0,0.9319,0.3342,0.036,3.9319,2.0104,0.8738,percent,percent_direct
20,8,percent_direct,4,0.8493,0.15069999999999995,0.0362,0.0604,0.0007,0.7364,2.9339,3.7105,,percent,percent_direct
20,8,percent_save,4,0.6147,0.3853,0.0,0.3811,0.0188,0.3612,3.3769,3.1651,0.4006,percent,percent_direct
21,4,rank_direct,8,0.9028,0.09719999999999995,0.0,0.9028,0.0,0.3419,7.8533,6.7901,,percent,percent_direct
21,4,rank_save,8,0.9784,0.021599999999999953,0.0,0.9784,0.0,0.2944,7.9728,6.5684,0.1628,percent,percent_direct
21,4,percent_direct,8,0.6896,0.3104,0.0617,0.6896,0.0,0.5302,6.9303,7.2784,,percent,percent_direct
21,4,percent_save,8,0.8798,0.12019999999999997,0.0045,0.8798,0.0001,0.3139,7.7078,6.7968,0.2454,percent,percent_direct
21,6,rank_direct,7,0.9491,0.050899999999999945,0.0,0.9491,0.0,0.3506,6.892,5.8556,,percent,percent_direct
21,6,rank_save,7,0.9927,0.007299999999999973,0.0,0.9927,0.0003,0.3196,6.9854,5.7109,0.1432,percent,percent_direct
21,6,percent_direct,7,0.7048,0.2952,0.0298,0.7048,0.0001,0.5519,6.0293,6.3439,,percent,percent_direct
21,6,percent_save,7,0.9037,0.09630000000000005,0.0,0.9037,0.0001,0.3385,6.7612,5.9029,0.2423,percent,percent_direct
21,7,rank_direct,6,0.0,1.0,0.0,0.5757,0.0182,0.128,5.4712,4.2123,,percent,percent_direct
21,7,rank_save,6,0.0,1.0,0.0,0.9143,0.1567,0.046,5.9143,3.1502,0.4051,percent,percent_direct
21,7,percent_direct,6,0.674,0.32599999999999996,0.8106,0.0571,0.0,0.9552,1.7566,5.9532,,percent,percent_direct
21,7,percent_save,6,0.268,0.732,0.3747,0.2018,0.0,0.5065,3.5225,5.4575,0.4492,percent,percent_direct
21,8,rank_direct,5,0.9802,0.01980000000000004,0.0,0.9802,0.0,0.5786,4.9762,4.4542,,percent,percent_direct
21,8,rank_save,5,0.9989,0.0010999999999999899,0.0,0.9989,0.0011,0.5629,4.9989,4.4107,0.116,percent,percent_direct
21,8,percent_direct,5,0.7676,0.23240000000000005,0.0476,0.7676,0.0,0.7659,4.4398,4.7312,,percent,percent_direct
21,8,percent_save,5,0.9586,0.04139999999999999,0.0,0.9586,0.0002,0.5682,4.9302,4.465,0.2121,percent,percent_direct
22,2,rank_direct,11,0.8421,0.15790000000000004,0.0,0.8421,0.0,0.2554,10.6762,9.2508,,percent,percent_direct
22,2,rank_save,11,0.9805,0.019499999999999962,0.0,0.9805,0.0,0.1927,10.961,8.7321,0.2025,percent,percent_direct
22,2,percent_direct,11,0.7335,0.26649999999999996,0.0166,0.7335,0.0,0.3874,9.531,9.7516,,percent,percent_direct
22,2,percent_save,11,0.839,0.16100000000000003,0.0008,0.839,0.0,0.2554,10.2984,9.3197,0.1552,percent,percent_direct
22,4,rank_direct,10,0.4992,0.5008,0.0,0.2851,0.0,0.3268,8.7029,8.7151,,percent,percent_direct
22,4,rank_save,10,0.1536,0.8464,0.0,0.5332,0.0,0.0887,9.3679,7.2202,0.4249,percent,percent_direct
22,4,percent_direct,10,0.583,0.41700000000000004,0.05,0.1173,0.0,0.5934,7.4717,9.4129,,percent,percent_direct
22,4,percent_save,10,0.4738,0.5262,0.0016,0.2684,0.0,0.2523,8.5223,8.6428,0.3887,percent,percent_direct
22,6,rank_direct,9,0.9638,0.03620000000000001,0.0,0.9638,0.0,0.3373,8.8886,7.7318,,percent,percent_direct
22,6,rank_save,9,0.9938,0.006199999999999983,0.0,0.9938,0.0,0.3141,8.9814,7.5995,0.0309,percent,percent_direct
22,6,percent_direct,9,0.6431,0.3569,0.0232,0.6431,0.0,0.603,7.4263,8.4377,,percent,percent_direct
22,6,percent_save,9,0.8415,0.15849999999999997,0.0,0.8415,0.0,0.366,8.4188,8.0076,0.2562,percent,percent_direct
22,8,rank_direct,6,0.0,1.0,0.0,0.6416,0.0078,0.0889,5.5003,4.1894,,percent,percent_direct
22,8,rank_save,6,0.0,1.0,0.0,0.8982,0.0912,0.0273,5.8883,3.374,0.4955,percent,percent_direct
22,8,percent_direct,6,0.6385,0.36150000000000004,0.6944,0.106,0.0,0.8299,2.132,5.8036,,percent,percent_direct
22,8,percent_save,6,0.1046,0.8954,0.1442,0.3034,0.0,0.2506,4.1992,5.0716,0.5822,percent,percent_direct
23,2,rank_direct,12,0.4331,0.5669,0.0,0.3781,0.0,0.3343,10.0341,10.4921,,percent,percent_direct
23,2,rank_save,12,0.2989,0.7011000000000001,0.0,0.5727,0.0,0.2026,10.7038,9.4195,0.3143,percent,percent_direct
23,2,percent_direct,12,0.4775,0.5225,0.0034,0.1344,0.0,0.5834,8.5997,11.4028,,percent,percent_direct
23,2,percent_save,12,0.4937,0.5063,0.0,0.2396,0.0,0.3563,9.4271,10.8875,0.2732,percent,percent_direct
23,3,rank_direct,11,0.8267,0.1733,0.0,0.959,0.0,0.3922,9.8725,9.8464,,percent,percent_direct
23,3,rank_save,11,0.8503,0.14970000000000006,0.0,0.9914,0.0,0.3723,9.9723,9.7044,0.0714,percent,percent_direct
23,3,percent_direct,11,0.561,0.43899999999999995,0.0102,0.6478,0.0,0.6414,8.4818,10.5091,,percent,percent_direct
23,3,percent_save,11,0.7263,0.27370000000000005,0.0,0.84,0.0,0.4223,9.4303,10.1115,0.246,percent,percent_direct
23,6,rank_direct,8,0.9579,0.042100000000000026,0.0,0.9579,0.0,0.4366,7.9084,7.0681,,percent,percent_direct
23,6,rank_save,8,0.9948,0.005199999999999982,0.0,0.9948,0.0,0.4085,7.9895,6.9412,0.0395,percent,percent_direct
23,6,percent_direct,8,0.6904,0.3096,0.0116,0.6904,0.0,0.6533,6.97,7.548,,percent,percent_direct
23,6,percent_save,8,0.886,0.11399999999999999,0.0,0.886,0.0,0.4428,7.7023,7.182,0.2363,percent,percent_direct
23,7,rank_direct,7,0.5412,0.4588,0.0,0.3923,0.0002,0.4762,5.784,6.0851,,percent,percent_direct
23,7,rank_save,7,0.1756,0.8244,0.0,0.7837,0.052,0.1914,6.5674,4.5375,0.3951,percent,percent_direct
23,7,percent_direct,7,0.6434,0.35660000000000003,0.0504,0.0698,0.0,0.8813,4.416,6.8713,,percent,percent_direct
23,7,percent_save,7,0.6693,0.3307,0.0,0.2088,0.0,0.5711,5.27,6.4795,0.3138,percent,percent_direct
23,8,rank_direct,6,0.366,0.634,0.0,0.4535,0.0018,0.3178,5.0758,4.7986,,percent,percent_direct
23,8,rank_save,6,0.0237,0.9763,0.0,0.7141,0.0507,0.0367,5.6904,3.6333,0.5225,percent,percent_direct
23,8,percent_direct,6,0.729,0.271,0.0311,0.0786,0.0,0.7041,3.9534,5.6406,,percent,percent_direct
23,8,percent_save,6,0.4449,0.5550999999999999,0.0,0.291,0.0001,0.2579,4.7948,4.9033,0.4843,percent,percent_direct
23,9,rank_direct,5,0.9744,0.025599999999999956,0.0,0.9744,0.0,0.6367,4.9722,4.5645,,percent,percent_direct
23,9,rank_save,5,0.9981,0.0019000000000000128,0.0,0.9981,0.0008,0.6173,4.9981,4.5111,0.104,percent,percent_direct
23,9,percent_direct,5,0.7685,0.23150000000000004,0.1146,0.7685,0.0,0.8367,4.38,4.8241,,percent,percent_direct
23,9,percent_save,5,0.9546,0.045399999999999996,0.0072,0.9546,0.0,0.6352,4.919,4.5838,0.2048,percent,percent_direct
23,10,rank_direct,4,0.0,1.0,0.0,0.8006,0.1963,0.0717,3.8006,2.3723,,percent,percent_direct
23,10,rank_save,4,0.0,1.0,0.0,1.0,0.3757,0.0258,4.0,1.9476,0.1994,percent,percent_direct
23,10,percent_direct,4,0.7888,0.21120000000000005,0.8613,0.0675,0.0002,0.9337,1.3449,3.9297,,percent,percent_direct
23,10,percent_save,4,0.2566,0.7434000000000001,0.3204,0.3383,0.0009,0.3895,2.6975,3.3326,0.5446,percent,percent_direct
24,2,rank_direct,11,0.7498,0.2502,0.0,0.8794,0.0,0.3645,9.8338,9.7999,,percent,percent_direct
24,2,rank_save,11,0.8392,0.16080000000000005,0.0,0.9867,0.0,0.305,9.9855,9.4696,0.1287,percent,percent_direct
24,2,percent_direct,11,0.6234,0.37660000000000005,0.0115,0.7279,0.0,0.513,8.9289,10.2387,,percent,percent_direct
24,2,percent_save,11,0.7392,0.26080000000000003,0.0006,0.8668,0.0,0.3555,9.5894,9.8492,0.1828,percent,percent_direct
24,4,rank_direct,10,0.9046,0.09540000000000004,0.0,0.9046,0.0,0.3424,9.7857,8.7473,,percent,percent_direct
24,4,rank_save,10,0.9727,0.02729999999999999,0.0,0.9727,0.0,0.3028,9.9444,8.4853,0.1331,percent,percent_direct
24,4,percent_direct,10,0.5588,0.44120000000000004,0.0138,0.5588,0.0,0.6439,8.0927,9.5246,,percent,percent_direct
24,4,percent_save,10,0.7776,0.22240000000000004,0.0,0.7776,0.0,0.3654,9.2765,9.0258,0.3073,percent,percent_direct
24,5,rank_direct,9,0.2875,0.7125,0.0,0.4069,0.0,0.3,7.7068,7.5412,,percent,percent_direct
24,5,rank_save,9,0.0829,0.9171,0.0,0.6018,0.0004,0.1138,8.384,6.3631,0.3405,percent,percent_direct
24,5,percent_direct,9,0.5365,0.4635,0.0306,0.1061,0.0,0.7151,5.9153,8.6461,,percent,percent_direct
24,5,percent_save,9,0.4577,0.5423,0.0,0.2293,0.0,0.3664,6.9775,8.0589,0.3724,percent,percent_direct
24,6,rank_direct,8,0.0,1.0,0.0,0.4346,0.0,0.106,7.0578,5.9066,,percent,percent_direct
24,6,rank_save,8,0.0,1.0,0.0,0.6586,0.0187,0.0334,7.5627,4.8262,0.4797,percent,percent_direct
24,6,percent_direct,8,0.4568,0.5432,0.4568,0.0716,0.0,0.7453,3.1878,7.6881,,percent,percent_direct
24,6,percent_save,8,0.0,1.0,0.0,0.1715,0.0,0.1674,5.3831,6.8992,0.5908,percent,percent_direct
24,8,rank_direct,5,0.9711,0.028900000000000037,0.0,0.9711,0.0003,0.5149,4.9651,4.3551,,percent,percent_direct
24,8,rank_save,5,0.9968,0.0031999999999999806,0.0,0.9968,0.001,0.4954,4.9967,4.2949,0.0258,percent,percent_direct
24,8,percent_direct,5,0.8254,0.17459999999999998,0.0405,0.8254,0.0003,0.65,4.5785,4.5647,,percent,percent_direct
24,8,percent_save,5,0.9657,0.0343,0.0,0.9657,0.0007,0.5,4.9459,4.3404,0.1581,percent,percent_direct
24,9,rank_direct,4,0.0,1.0,0.0,0.7791,0.159,0.0704,3.7593,2.4138,,percent,percent_direct
24,9,rank_save,4,0.0,1.0,0.0,0.9974,0.3602,0.0138,3.9974,1.9377,0.2183,percent,percent_direct
24,9,percent_direct,4,0.7984,0.2016,0.7984,0.0697,0.0004,0.8895,1.4112,3.8803,,percent,percent_direct
24,9,percent_save,4,0.0,1.0,0.0,0.3537,0.003,0.0782,3.0535,2.9961,0.813,percent,percent_direct
25,4,rank_direct,8,0.761,0.239,0.0,0.2309,0.0,0.4356,7.2059,7.0772,,percent,percent_direct
25,4,rank_save,8,0.2786,0.7214,0.0,0.7202,0.0151,0.1395,7.7166,5.3381,0.6391,percent,percent_direct
25,4,percent_direct,8,0.6266,0.37339999999999995,0.0303,0.0743,0.0,0.7305,5.9544,7.6827,,percent,percent_direct
25,4,percent_save,8,0.6958,0.3042,0.0,0.2045,0.0,0.4177,6.8809,7.2046,0.3399,percent,percent_direct
25,6,rank_direct,7,0.9527,0.04730000000000001,0.0,0.9527,0.0,0.3666,6.8965,5.9124,,percent,percent_direct
25,6,rank_save,7,0.991,0.009000000000000008,0.0,0.991,0.0,0.3378,6.9817,5.7825,0.079,percent,percent_direct
25,6,percent_direct,7,0.7496,0.25039999999999996,0.0278,0.7496,0.0001,0.5386,6.1964,6.3165,,percent,percent_direct
25,6,percent_save,7,0.9239,0.07609999999999995,0.0,0.9239,0.0001,0.3521,6.8129,5.926,0.208,percent,percent_direct
25,7,rank_direct,6,0.9711,0.028900000000000037,0.0,0.9711,0.0,0.5703,5.9652,5.4217,,percent,percent_direct
25,7,rank_save,6,0.9976,0.0023999999999999577,0.0,0.9976,0.0001,0.549,5.9972,5.3569,0.0547,percent,percent_direct
25,7,percent_direct,6,0.7529,0.2471,0.0401,0.7529,0.0,0.7612,5.3461,5.7259,,percent,percent_direct
25,7,percent_save,6,0.9329,0.06710000000000005,0.0,0.9329,0.0,0.5641,5.8766,5.4586,0.2109,percent,percent_direct
25,8,rank_direct,5,0.7208,0.2792,0.0,0.2664,0.0008,0.5663,4.2534,4.4383,,percent,percent_direct
25,8,rank_save,5,0.1676,0.8324,0.0,0.8311,0.1779,0.0978,4.8298,2.8227,0.8605,percent,percent_direct
25,8,percent_direct,5,0.7824,0.21760000000000002,0.0416,0.0536,0.0,0.832,3.751,4.8145,,percent,percent_direct
25,8,percent_save,5,0.7107,0.2893,0.0,0.2659,0.0001,0.4892,4.2355,4.3604,0.3526,percent,percent_direct
25,9,rank_direct,4,0.6144,0.38560000000000005,0.0,0.382,0.0067,0.5691,3.3784,3.478,,percent,percent_direct
25,9,rank_save,4,0.0331,0.9669,0.0,0.9669,0.3223,0.024,3.9669,2.0324,0.618,percent,percent_direct
25,9,percent_direct,4,0.808,0.19199999999999995,0.0588,0.0741,0.0005,0.9074,2.8974,3.8966,,percent,percent_direct
25,9,percent_save,4,0.5966,0.4034,0.0,0.397,0.0079,0.4825,3.3906,3.3718,0.426,percent,percent_direct
27,1,rank_direct,11,0.7932,0.20679999999999998,0.0,0.1422,0.0,0.3088,10.003,9.662,,percent,percent_direct
27,1,rank_save,11,0.5227,0.47729999999999995,0.0,0.468,0.0002,0.1545,10.4494,8.2337,0.4463,percent,percent_direct
27,1,percent_direct,11,0.506,0.494,0.0211,0.1238,0.0,0.5358,8.6061,10.2839,,percent,percent_direct
27,1,percent_save,11,0.6299,0.3701,0.0017,0.2081,0.0,0.2821,9.6635,9.6427,0.3186,percent,percent_direct
27,2,rank_direct,10,0.6939,0.30610000000000004,0.0,0.2024,0.0,0.3287,9.0557,8.7547,,percent,percent_direct
27,2,rank_save,10,0.5086,0.49139999999999995,0.0,0.4715,0.0006,0.1656,9.4483,7.6337,0.493,percent,percent_direct
27,2,percent_direct,10,0.5532,0.4468,0.0445,0.09,0.0,0.5596,7.858,9.3634,,percent,percent_direct
27,2,percent_save,10,0.6301,0.3699,0.0038,0.2164,0.0,0.262,8.8515,8.7028,0.3562,percent,percent_direct
27,3,rank_direct,9,0.5109,0.4891,0.0,0.2699,0.0,0.366,7.6887,7.844,,percent,percent_direct
27,3,rank_save,9,0.1564,0.8436,0.0,0.518,0.0016,0.107,8.3551,6.3524,0.492,percent,percent_direct
27,3,percent_direct,9,0.5623,0.4377,0.0684,0.1079,0.0,0.6622,6.4364,8.5304,,percent,percent_direct
27,3,percent_save,9,0.4876,0.5124,0.0064,0.2466,0.0,0.2892,7.4898,7.7881,0.4127,percent,percent_direct
27,4,rank_direct,8,0.0002,0.9998,0.0,0.3934,0.0011,0.0844,6.9931,5.6465,,percent,percent_direct
27,4,rank_save,8,0.0,1.0,0.0,0.6433,0.0068,0.0165,7.5412,4.5209,0.5284,percent,percent_direct
27,4,percent_direct,8,0.4517,0.5483,0.0267,0.1317,0.0,0.612,4.041,7.3465,,percent,percent_direct
27,4,percent_save,8,0.1035,0.8965,0.0,0.2617,0.0001,0.1567,5.8432,6.3936,0.4837,percent,percent_direct
27,6,rank_direct,7,0.2795,0.7204999999999999,0.0,0.4928,0.0014,0.2802,5.6878,5.4416,,percent,percent_direct
27,6,rank_save,7,0.032,0.968,0.0,0.6838,0.0207,0.0386,6.3356,4.3842,0.4142,percent,percent_direct
27,6,percent_direct,7,0.6427,0.35729999999999995,0.0262,0.0966,0.0,0.686,4.1632,6.569,,percent,percent_direct
27,6,percent_save,7,0.3673,0.6327,0.0,0.2678,0.0,0.2266,5.1242,5.7256,0.5003,percent,percent_direct
27,8,rank_direct,4,0.5772,0.42279999999999995,0.0,0.4036,0.0262,0.4922,3.3844,3.3079,,percent,percent_direct
27,8,rank_save,4,0.0698,0.9302,0.0,0.9302,0.3413,0.0315,3.9302,2.0055,0.5528,percent,percent_direct
27,8,percent_direct,4,0.8473,0.15269999999999995,0.0388,0.0631,0.0004,0.7463,2.9347,3.7155,,percent,percent_direct
27,8,percent_save,4,0.6113,0.38870000000000005,0.0,0.382,0.0185,0.3733,3.3753,3.1821,0.3982,percent,percent_direct
28,4,rank_direct,10,0.6402,0.3598,0.0,0.6402,0.0,0.3019,9.3873,8.3772,,rank,rank_save
28,4,rank_save,10,0.9897,0.010299999999999976,0.0,0.9897,0.0013,0.1207,9.9868,6.98,0.4513,rank,rank_save
28,4,percent_direct,10,0.3619,0.6381,0.1224,0.3619,0.0,0.571,7.6769,9.2904,,rank,rank_save
28,4,percent_save,10,0.583,0.41700000000000004,0.0289,0.583,0.0,0.2901,8.8443,8.5536,0.3226,rank,rank_save
28,6,rank_direct,9,0.0,1.0,0.0,0.4768,0.0048,0.0284,7.8828,6.708,,rank,rank_save
28,6,rank_save,9,0.0,1.0,0.0,0.9383,0.3925,0.0213,8.9163,3.9728,0.5,rank,rank_save
28,6,percent_direct,9,0.6809,0.31910000000000005,0.7106,0.1798,0.0,0.739,3.053,8.6633,,rank,rank_save
28,6,percent_save,9,0.3593,0.6407,0.3791,0.3014,0.0,0.4075,5.1631,8.1015,0.3315,rank,rank_save
28,7,rank_direct,8,0.274,0.726,0.0,0.2549,0.0,0.3936,6.8339,6.9244,,rank,rank_save
28,7,rank_save,8,0.1028,0.8972,0.0,0.4824,0.0197,0.1977,7.3792,5.6026,0.5529,rank,rank_save
28,7,percent_direct,8,0.2449,0.7551,0.3108,0.1125,0.0,0.8266,4.7505,7.7879,,rank,rank_save
28,7,percent_save,8,0.2833,0.7167,0.0815,0.1913,0.0,0.4483,6.1749,7.2559,0.3819,rank,rank_save
28,8,rank_direct,7,0.3202,0.6798,0.0,0.3705,0.0001,0.3948,5.9714,5.9093,,rank,rank_save
28,8,rank_save,7,0.0711,0.9289000000000001,0.0,0.5888,0.0235,0.1588,6.5175,4.7389,0.5883,rank,rank_save
28,8,percent_direct,7,0.3915,0.6085,0.1025,0.1944,0.0,0.6918,4.8589,6.5821,,rank,rank_save
28,8,percent_save,7,0.3068,0.6932,0.0,0.3167,0.0001,0.3164,5.7664,5.9016,0.3938,rank,rank_save
28,9,rank_direct,6,0.6347,0.36529999999999996,0.0,0.6347,0.0025,0.3978,5.4603,4.8984,,rank,rank_save
28,9,rank_save,6,0.9842,0.015800000000000036,0.0,0.9842,0.0735,0.1502,5.9806,3.7382,0.5773,rank,rank_save
28,9,percent_direct,6,0.3819,0.6181,0.0881,0.3819,0.0,0.7085,4.3174,5.5766,,rank,rank_save
28,9,percent_save,6,0.5913,0.40869999999999995,0.0,0.5913,0.0004,0.3551,5.2109,4.9593,0.3584,rank,rank_save
28,10,rank_direct,5,0.7863,0.2137,0.0,0.7863,0.0156,0.4138,4.5516,3.956,,rank,rank_save
28,10,rank_save,5,0.9964,0.0036000000000000476,0.0,0.9964,0.1346,0.2363,4.9928,3.2393,0.3062,rank,rank_save
28,10,percent_direct,5,0.2997,0.7002999999999999,0.1726,0.2997,0.0,0.8946,3.1031,4.8859,,rank,rank_save
28,10,percent_save,5,0.5275,0.47250000000000003,0.0,0.5275,0.0003,0.4928,3.9746,4.4059,0.4036,rank,rank_save
29,2,rank_direct,13,0.6267,0.37329999999999997,0.0,0.83,0.0,0.2545,11.646,10.9185,,rank,rank_save
29,2,rank_save,13,0.7936,0.20640000000000003,0.0,0.9984,0.0,0.1892,11.9968,10.1816,0.2076,rank,rank_save
29,2,percent_direct,13,0.3195,0.6805,0.0193,0.447,0.0,0.5778,8.8225,12.352,,rank,rank_save
29,2,percent_save,13,0.444,0.556,0.0002,0.5994,0.0,0.3629,10.0124,11.8759,0.241,rank,rank_save
29,3,rank_direct,12,0.7148,0.2852,0.0,0.7148,0.0,0.3017,11.3489,10.2311,,rank,rank_save
29,3,rank_save,12,0.9942,0.005800000000000027,0.0,0.9942,0.0,0.1729,11.9894,8.9397,0.3318,rank,rank_save
29,3,percent_direct,12,0.5287,0.47130000000000005,0.0188,0.5287,0.0,0.5038,9.8769,11.0598,,rank,rank_save
29,3,percent_save,12,0.6962,0.30379999999999996,0.0001,0.6962,0.0,0.283,10.9055,10.3387,0.2608,rank,rank_save
29,4,rank_direct,11,0.5412,0.4588,0.0,0.8795,0.0,0.3315,8.759,9.6104,,rank,rank_save
29,4,rank_save,11,0.6577,0.34230000000000005,0.0,0.9994,0.0,0.2744,8.9988,9.1494,0.1203,rank,rank_save
29,4,percent_direct,11,0.2362,0.7638,0.0187,0.4212,0.0,0.7946,5.7392,10.7602,,rank,rank_save
29,4,percent_save,11,0.378,0.622,0.0,0.6461,0.0,0.4953,7.3872,10.2866,0.3109,rank,rank_save
29,5,rank_direct,10,0.606,0.394,0.0,0.8406,0.0,0.3058,8.729,8.3683,,rank,rank_save
29,5,rank_save,10,0.7588,0.24119999999999997,0.0,0.9982,0.0,0.2279,8.9958,7.7841,0.169,rank,rank_save
29,5,percent_direct,10,0.3191,0.6809000000000001,0.0276,0.4725,0.0,0.6585,6.4841,9.5326,,rank,rank_save
29,5,percent_save,10,0.4629,0.5371,0.0,0.6572,0.0,0.4019,7.6042,9.0265,0.2737,rank,rank_save
29,6,rank_direct,9,0.4491,0.5509,0.0,0.4063,0.0,0.3581,8.1836,7.6757,,rank,rank_save
29,6,rank_save,9,0.3311,0.6689,0.0,0.6657,0.01,0.1836,8.6613,6.4243,0.4667,rank,rank_save
29,6,percent_direct,9,0.2476,0.7524,0.1887,0.2685,0.0,0.7063,6.2249,8.6038,,rank,rank_save
29,6,percent_save,9,0.327,0.673,0.0501,0.3778,0.0,0.3865,7.4589,8.0102,0.3358,rank,rank_save
29,8,rank_direct,7,0.1845,0.8155,0.0,0.4193,0.0026,0.3576,5.8467,5.6567,,rank,rank_save
29,8,rank_save,7,0.0432,0.9568,0.0,0.6478,0.0463,0.1578,6.5172,4.4889,0.4716,rank,rank_save
29,8,percent_direct,7,0.4339,0.5661,0.2049,0.1248,0.0,0.8667,3.8584,6.8449,,rank,rank_save
29,8,percent_save,7,0.4307,0.5692999999999999,0.033,0.231,0.0,0.4711,4.9424,6.3228,0.3994,rank,rank_save
29,9,rank_direct,6,0.4743,0.5257000000000001,0.0,0.399,0.0087,0.4257,5.2491,4.989,,rank,rank_save
29,9,rank_save,6,0.248,0.752,0.0,0.7513,0.1013,0.1792,5.7506,3.7485,0.5611,rank,rank_save
29,9,percent_direct,6,0.3167,0.6833,0.1228,0.1852,0.0,0.8363,3.8679,5.8102,,rank,rank_save
29,9,percent_save,6,0.4403,0.5597,0.0,0.3087,0.0,0.436,4.8117,5.2634,0.4079,rank,rank_save
2,1,rank_direct,9,0.8617,0.13829999999999998,0.0,0.1301,0.0,0.2819,8.1138,7.4985,,rank,rank_direct
2,1,rank_save,9,0.5236,0.47640000000000005,0.0,0.4753,0.0013,0.1128,8.4731,6.3506,0.5866,rank,rank_direct
2,1,percent_direct,9,0.7841,0.21589999999999998,0.0137,0.0347,0.0,0.4272,7.3729,8.0693,,rank,rank_direct
2,1,percent_save,9,0.6482,0.3518,0.0,0.2546,0.0,0.1956,7.9626,7.3184,0.3376,rank,rank_direct
2,2,rank_direct,8,0.8474,0.15259999999999996,0.0,0.1441,0.0,0.2671,7.1302,6.4195,,rank,rank_direct
2,2,rank_save,8,0.475,0.525,0.0,0.5225,0.0123,0.1049,7.5192,5.1346,0.5364,rank,rank_direct
2,2,percent_direct,8,0.6379,0.3621,0.0132,0.0172,0.0,0.5402,5.8103,7.3355,,rank,rank_direct
2,2,percent_save,8,0.7155,0.2845,0.0,0.1322,0.0,0.2473,6.6839,6.6399,0.3665,rank,rank_direct
2,4,rank_direct,7,0.9835,0.01649999999999996,0.0,0.9835,0.0042,0.171,6.971,5.0796,,rank,rank_direct
2,4,rank_save,7,0.9959,0.0040999999999999925,0.0,0.9959,0.0049,0.1654,6.9944,5.0429,0.282,rank,rank_direct
2,4,percent_direct,7,0.8626,0.13739999999999997,0.0437,0.8626,0.0002,0.286,6.3463,5.5446,,rank,rank_direct
2,4,percent_save,7,0.9295,0.07050000000000001,0.0,0.9295,0.0006,0.1844,6.7235,5.2726,0.1057,rank,rank_direct
2,5,rank_direct,6,0.9854,0.014599999999999946,0.0,0.9854,0.0024,0.2877,5.9792,4.6357,,rank,rank_direct
2,5,rank_save,6,0.9959,0.0040999999999999925,0.0,0.9959,0.003,0.2819,5.9954,4.6084,0.2781,rank,rank_direct
2,5,percent_direct,6,0.4354,0.5646,0.0782,0.4354,0.0,0.7534,4.1914,5.716,,rank,rank_direct
2,5,percent_save,6,0.6916,0.3084,0.0,0.6916,0.0,0.3444,5.2596,5.1535,0.428,rank,rank_direct
2,6,rank_direct,5,0.9667,0.033299999999999996,0.0,0.9915,0.0,0.3572,3.9915,4.0149,,rank,rank_direct
2,6,rank_save,5,0.975,0.025000000000000022,0.0,1.0,0.0,0.3507,4.0,3.9974,0.0361,rank,rank_direct
2,6,percent_direct,5,0.5523,0.4477,0.3388,0.5643,0.0,0.7635,2.8867,4.7229,,rank,rank_direct
2,6,percent_save,5,0.8128,0.18720000000000003,0.0851,0.8305,0.0,0.4394,3.6603,4.294,0.3268,rank,rank_direct
2,7,rank_direct,4,0.5223,0.4777,0.0,0.4777,0.2384,0.3164,3.4777,2.7,,rank,rank_direct
2,7,rank_save,4,0.0,1.0,0.0,1.0,0.6271,0.0,4.0,1.4726,0.6368,rank,rank_direct
2,7,percent_direct,4,0.3829,0.6171,0.5358,0.0813,0.005,0.8915,2.0097,3.8521,,rank,rank_direct
2,7,percent_save,4,0.523,0.477,0.2084,0.2686,0.039,0.4439,2.8518,3.2194,0.4479,rank,rank_direct
30,2,rank_direct,13,0.6935,0.3065,0.0,0.6935,0.0,0.2626,12.4051,10.947,,rank,rank_save
30,2,rank_save,13,0.995,0.0050000000000000044,0.0,0.995,0.0,0.1411,12.993,9.6097,0.3902,rank,rank_save
30,2,percent_direct,13,0.647,0.353,0.0027,0.647,0.0,0.3553,11.2884,11.4622,,rank,rank_save
30,2,percent_save,13,0.7563,0.24370000000000003,0.0,0.7563,0.0,0.2204,11.9768,10.8935,0.1708,rank,rank_save
30,6,rank_direct,10,0.7031,0.29690000000000005,0.0,0.7031,0.0,0.2951,9.331,8.2858,,rank,rank_save
30,6,rank_save,10,0.995,0.0050000000000000044,0.0,0.995,0.0009,0.1508,9.9885,7.0043,0.3061,rank,rank_save
30,6,percent_direct,10,0.2541,0.7459,0.0897,0.2541,0.0,0.7815,6.4406,9.7362,,rank,rank_save
30,6,percent_save,10,0.429,0.571,0.0121,0.429,0.0,0.4179,7.9007,9.1822,0.3735,rank,rank_save
30,7,rank_direct,9,0.7947,0.20530000000000004,0.0,0.7947,0.0,0.3013,8.3539,7.257,,rank,rank_save
30,7,rank_save,9,0.9955,0.0044999999999999485,0.0,0.9955,0.0035,0.1844,8.9862,6.2911,0.3067,rank,rank_save
30,7,percent_direct,9,0.2801,0.7199,0.0571,0.2801,0.0,0.7723,5.6543,8.7234,,rank,rank_save
30,7,percent_save,9,0.4611,0.5388999999999999,0.0,0.4611,0.0,0.4166,6.9671,8.1771,0.3704,rank,rank_save
31,1,rank_direct,14,0.5715,0.4285,0.0,0.2702,0.0,0.2942,12.8551,12.1377,,rank,rank_save
31,1,rank_save,14,0.5128,0.48719999999999997,0.0,0.4855,0.0,0.1343,13.4821,10.7028,0.4366,rank,rank_save
31,1,percent_direct,14,0.3776,0.6224000000000001,0.0,0.1807,0.0,0.451,11.4962,12.9839,,rank,rank_save
31,1,percent_save,14,0.432,0.5680000000000001,0.0,0.2793,0.0,0.2461,12.3388,12.2613,0.2877,rank,rank_save
31,2,rank_direct,13,0.5475,0.4525,0.0,0.245,0.0,0.2988,11.8861,11.3486,,rank,rank_save
31,2,rank_save,13,0.5359,0.46409999999999996,0.0,0.4603,0.0,0.1445,12.4542,9.8481,0.4686,rank,rank_save
31,2,percent_direct,13,0.32,0.6799999999999999,0.0554,0.1521,0.0,0.6263,9.543,12.4625,,rank,rank_save
31,2,percent_save,13,0.4282,0.5718,0.0033,0.2295,0.0,0.3074,10.9891,11.7462,0.3601,rank,rank_save
31,3,rank_direct,12,0.5589,0.44110000000000005,0.0,0.2748,0.0,0.3171,10.9664,10.4289,,rank,rank_save
31,3,rank_save,12,0.5018,0.4982,0.0,0.4947,0.0,0.1632,11.4892,9.1177,0.4276,rank,rank_save
31,3,percent_direct,12,0.3401,0.6598999999999999,0.0842,0.1625,0.0,0.6434,8.76,11.4842,,rank,rank_save
31,3,percent_save,12,0.4433,0.5567,0.0152,0.2459,0.0,0.3212,10.1226,10.7883,0.3613,rank,rank_save
31,4,rank_direct,11,0.6939,0.30610000000000004,0.0,0.6939,0.0,0.3089,10.2361,9.2442,,rank,rank_save
31,4,rank_save,11,0.9934,0.00660000000000005,0.0,0.9934,0.0,0.1444,10.9846,7.8473,0.3721,rank,rank_save
31,4,percent_direct,11,0.3121,0.6879,0.0894,0.3121,0.0,0.6612,7.8219,10.5197,,rank,rank_save
31,4,percent_save,11,0.4793,0.5206999999999999,0.0109,0.4793,0.0,0.3558,9.177,9.8796,0.3338,rank,rank_save
31,7,rank_direct,9,0.5122,0.4878,0.0,0.2917,0.0,0.3592,8.0215,7.769,,rank,rank_save
31,7,rank_save,9,0.4579,0.5421,0.0,0.5391,0.0022,0.1587,8.5345,6.4702,0.5854,rank,rank_save
31,7,percent_direct,9,0.2308,0.7692,0.1321,0.1489,0.0,0.8252,5.7259,8.7911,,rank,rank_save
31,7,percent_save,9,0.3687,0.6313,0.0136,0.2338,0.0,0.418,7.1495,8.2349,0.4141,rank,rank_save
32,1,rank_direct,11,0.6209,0.3791,0.0,0.796,0.0,0.3816,9.6635,9.7657,,rank,rank_save
32,1,rank_save,11,0.8198,0.18020000000000003,0.0,0.9965,0.0,0.2629,9.9951,9.049,0.3005,rank,rank_save
32,1,percent_direct,11,0.4957,0.5043,0.0016,0.6573,0.0,0.4713,9.0775,10.1271,,rank,rank_save
32,1,percent_save,11,0.6427,0.35729999999999995,0.0,0.8151,0.0,0.3275,9.5615,9.6785,0.1978,rank,rank_save
32,2,rank_direct,10,0.412,0.5880000000000001,0.0,0.4982,0.0,0.3825,8.3046,8.8446,,rank,rank_save
32,2,rank_save,10,0.2206,0.7794,0.0,0.7775,0.0,0.199,8.7737,7.7446,0.3455,rank,rank_save
32,2,percent_direct,10,0.3304,0.6696,0.0209,0.3286,0.0,0.6101,7.2695,9.4636,,rank,rank_save
32,2,percent_save,10,0.3561,0.6438999999999999,0.0025,0.484,0.0,0.3303,8.0798,8.8494,0.3393,rank,rank_save
32,3,rank_direct,9,0.6664,0.3336,0.0,0.6664,0.0,0.3202,8.406,7.5071,,rank,rank_save
32,3,rank_save,9,0.9908,0.009199999999999986,0.0,0.9908,0.0014,0.1487,8.9874,6.2687,0.4974,rank,rank_save
32,3,percent_direct,9,0.38,0.62,0.0362,0.38,0.0,0.5622,7.1153,8.3249,,rank,rank_save
32,3,percent_save,9,0.6054,0.39459999999999995,0.0042,0.6054,0.0,0.2821,8.042,7.5984,0.3411,rank,rank_save
32,4,rank_direct,8,0.2501,0.7499,0.0,0.6065,0.0,0.4235,6.1859,6.9471,,rank,rank_save
32,4,rank_save,8,0.0853,0.9147,0.0,0.8475,0.0,0.2531,6.695,6.0675,0.3975,rank,rank_save
32,4,percent_direct,8,0.3671,0.6329,0.0239,0.3258,0.0,0.7081,5.1595,7.6228,,rank,rank_save
32,4,percent_save,8,0.3087,0.6913,0.0,0.5156,0.0,0.4164,5.9243,7.0806,0.3103,rank,rank_save
32,5,rank_direct,7,0.475,0.525,0.0,0.44,0.0004,0.3959,6.2592,5.9268,,rank,rank_save
32,5,rank_save,7,0.2467,0.7533,0.0,0.7525,0.0327,0.1904,6.7509,4.7507,0.422,rank,rank_save
32,5,percent_direct,7,0.3231,0.6769000000000001,0.1444,0.2382,0.0,0.7561,4.8279,6.7044,,rank,rank_save
32,5,percent_save,7,0.4116,0.5884,0.0153,0.3738,0.0,0.3955,5.8539,6.1417,0.3748,rank,rank_save
32,8,rank_direct,6,0.4225,0.5775,0.0,0.4556,0.0014,0.4636,5.3107,5.1292,,rank,rank_save
32,8,rank_save,6,0.257,0.743,0.0,0.742,0.0484,0.2303,5.7407,4.0983,0.5789,rank,rank_save
32,8,percent_direct,6,0.2825,0.7175,0.0812,0.246,0.0,0.837,4.164,5.8171,,rank,rank_save
32,8,percent_save,6,0.4024,0.5976,0.0,0.3762,0.0,0.4341,5.0316,5.274,0.4132,rank,rank_save
33,2,rank_direct,12,0.3745,0.6255,0.0,0.4251,0.0,0.3023,9.7126,10.474,,rank,rank_save
33,2,rank_save,12,0.2583,0.7417,0.0,0.679,0.0,0.1681,10.3577,9.2221,0.372,rank,rank_save
33,2,percent_direct,12,0.2632,0.7368,0.0125,0.3158,0.0,0.5254,8.1397,11.2077,,rank,rank_save
33,2,percent_save,12,0.2936,0.7063999999999999,0.0,0.4248,0.0,0.3023,9.1389,10.6171,0.2608,rank,rank_save
33,4,rank_direct,9,0.2774,0.7226,0.0,0.5011,0.0011,0.4535,6.4967,7.3436,,rank,rank_save
33,4,rank_save,9,0.1525,0.8475,0.0,0.719,0.0261,0.2858,7.595,5.9447,0.3198,rank,rank_save
33,4,percent_direct,9,0.5176,0.48240000000000005,0.1282,0.1002,0.0,0.8714,4.0621,8.854,,rank,rank_save
33,4,percent_save,9,0.561,0.43899999999999995,0.014,0.1801,0.0,0.6462,4.8347,8.5533,0.2284,rank,rank_save
33,5,rank_direct,8,0.5845,0.4155,0.0,0.9197,0.0,0.4521,5.836,7.1108,,rank,rank_save
33,5,rank_save,8,0.6621,0.3379,0.0,0.9996,0.0,0.3956,5.9992,6.8494,0.1713,rank,rank_save
33,5,percent_direct,8,0.2782,0.7218,0.1165,0.4828,0.0,0.8972,4.1819,7.8876,,rank,rank_save
33,5,percent_save,8,0.4432,0.5568,0.0,0.7365,0.0,0.5339,5.3014,7.4627,0.3645,rank,rank_save
33,6,rank_direct,7,0.0676,0.9324,0.0,0.5604,0.0046,0.2557,5.9478,5.4026,,rank,rank_save
33,6,rank_save,7,0.0025,0.9975,0.0,0.753,0.0726,0.1368,6.495,4.4732,0.2836,rank,rank_save
33,6,percent_direct,7,0.3968,0.6032,0.2106,0.2361,0.0,0.7874,3.8022,6.713,,rank,rank_save
33,6,percent_save,7,0.2972,0.7028,0.0275,0.3557,0.0,0.395,4.9638,6.1351,0.3932,rank,rank_save
33,7,rank_direct,6,0.6916,0.3084,0.0,0.6916,0.0017,0.3668,5.5592,4.8331,,rank,rank_save
33,7,rank_save,6,0.9938,0.006199999999999983,0.0,0.9938,0.044,0.1768,5.9928,3.8953,0.4244,rank,rank_save
33,7,percent_direct,6,0.2599,0.7401,0.1273,0.2599,0.0,0.8424,3.8104,5.8237,,rank,rank_save
33,7,percent_save,6,0.4704,0.5296000000000001,0.0,0.4704,0.0,0.4078,4.8933,5.2607,0.4402,rank,rank_save
34,3,rank_direct,11,0.6863,0.3137,0.0,0.8056,0.0,0.3381,9.6196,9.5209,,rank,rank_save
34,3,rank_save,11,0.8737,0.12629999999999997,0.0,0.9961,0.0,0.24,9.9931,8.7704,0.2988,rank,rank_save
34,3,percent_direct,11,0.3825,0.6174999999999999,0.0734,0.4601,0.0,0.678,7.5657,10.5604,,rank,rank_save
34,3,percent_save,11,0.5429,0.45709999999999995,0.0099,0.6431,0.0,0.393,8.7649,10.0129,0.3001,rank,rank_save
34,4,rank_direct,10,0.13,0.87,0.0,0.3774,0.0,0.2431,8.2025,7.9823,,rank,rank_save
34,4,rank_save,10,0.0248,0.9752,0.0,0.5376,0.0023,0.1336,8.9345,6.8484,0.2635,rank,rank_save
34,4,percent_direct,10,0.4107,0.5892999999999999,0.0447,0.1297,0.0,0.7962,5.1919,9.7138,,rank,rank_save
34,4,percent_save,10,0.4072,0.5928,0.0,0.203,0.0,0.4507,6.5421,9.156,0.3476,rank,rank_save
34,6,rank_direct,9,0.5927,0.4073,0.0,0.2238,0.0,0.3199,7.816,7.5308,,rank,rank_save
34,6,rank_save,9,0.5063,0.4937,0.0,0.49,0.0094,0.1244,8.4824,6.0143,0.5088,rank,rank_save
34,6,percent_direct,9,0.3561,0.6438999999999999,0.117,0.1058,0.0,0.6685,5.9657,8.5446,,rank,rank_save
34,6,percent_save,9,0.4819,0.5181,0.0166,0.1797,0.0,0.3364,7.1398,7.8799,0.3601,rank,rank_save
34,7,rank_direct,8,0.3539,0.6461,0.0,0.3246,0.0002,0.3515,6.8087,6.6943,,rank,rank_save
34,7,rank_save,8,0.1269,0.8731,0.0,0.5516,0.0056,0.141,7.4245,5.3844,0.4376,rank,rank_save
34,7,percent_direct,8,0.3052,0.6948,0.0385,0.1377,0.0,0.7356,5.1612,7.6672,,rank,rank_save
34,7,percent_save,8,0.3633,0.6367,0.0,0.2194,0.0,0.3498,6.2435,7.0263,0.408,rank,rank_save
34,8,rank_direct,7,0.5265,0.47350000000000003,0.0,0.3324,0.0003,0.3779,6.1308,5.8841,,rank,rank_save
34,8,rank_save,7,0.3589,0.6411,0.0,0.6391,0.0199,0.1447,6.6367,4.6296,0.4255,rank,rank_save
34,8,percent_direct,7,0.2488,0.7512,0.1628,0.1247,0.0,0.9097,4.0794,6.9006,,rank,rank_save
34,8,percent_save,7,0.4004,0.5996,0.0,0.2367,0.0,0.4257,5.4389,6.3228,0.4847,rank,rank_save
34,9,rank_direct,6,0.6454,0.3546,0.0,0.6454,0.0049,0.3966,5.4934,4.9124,,rank,rank_save
34,9,rank_save,6,0.9944,0.005600000000000049,0.0,0.9944,0.077,0.1701,5.9941,3.7949,0.3993,rank,rank_save
34,9,percent_direct,6,0.3616,0.6384000000000001,0.2183,0.3616,0.0003,0.7444,4.1505,5.6505,,rank,rank_save
34,9,percent_save,6,0.5682,0.43179999999999996,0.0378,0.5682,0.0008,0.3912,5.1375,5.0639,0.3578,rank,rank_save
34,10,rank_direct,5,0.0,1.0,0.0,0.7766,0.1077,0.1137,4.5532,3.4232,,rank,rank_save
34,10,rank_save,5,0.0,1.0,0.0,1.0,0.3306,0.1023,5.0,2.7421,0.2278,rank,rank_save
34,10,percent_direct,5,0.8153,0.18469999999999998,0.8308,0.1447,0.0,0.9445,1.6278,4.9434,,rank,rank_save
34,10,percent_save,5,0.2796,0.7203999999999999,0.2939,0.4459,0.0,0.4076,3.304,4.3732,0.5369,rank,rank_save
3,1,rank_direct,9,0.843,0.15700000000000003,0.0,0.843,0.0,0.32,8.7587,7.6148,,percent,percent_direct
3,1,rank_save,9,0.9697,0.030299999999999994,0.0,0.9697,0.0,0.2368,8.964,7.2248,0.2939,percent,percent_direct
3,1,percent_direct,9,0.7786,0.22140000000000004,0.0033,0.7786,0.0,0.3897,8.2796,7.8424,,percent,percent_direct
3,1,percent_save,9,0.9094,0.09060000000000001,0.0,0.9094,0.0,0.2622,8.7357,7.4285,0.1648,percent,percent_direct
3,2,rank_direct,8,0.5905,0.4095,0.0,0.3755,0.0,0.4158,6.3379,7.0817,,percent,percent_direct
3,2,rank_save,8,0.1551,0.8449,0.0,0.8437,0.0,0.1166,6.8423,5.6577,0.4901,percent,percent_direct
3,2,percent_direct,8,0.5805,0.4195,0.0367,0.1321,0.0,0.72,5.2705,7.664,,percent,percent_direct
3,2,percent_save,8,0.5806,0.4194,0.0,0.3329,0.0,0.3542,6.1514,7.0935,0.3987,percent,percent_direct
3,3,rank_direct,7,0.2331,0.7669,0.0,0.679,0.0105,0.2801,5.716,4.9468,,percent,percent_direct
3,3,rank_save,7,0.0613,0.9387,0.0,0.9119,0.1184,0.1066,6.6476,3.7338,0.2329,percent,percent_direct
3,3,percent_direct,7,0.6225,0.37749999999999995,0.0995,0.0699,0.0,0.7846,3.0806,6.7476,,percent,percent_direct
3,3,percent_save,7,0.5604,0.4396,0.0059,0.2205,0.0,0.559,3.8702,6.3798,0.2374,percent,percent_direct
3,4,rank_direct,6,0.8137,0.18630000000000002,0.0,0.9768,0.0,0.6909,3.9757,5.6532,,percent,percent_direct
3,4,rank_save,6,0.833,0.16700000000000004,0.0,0.9989,0.0,0.6711,3.9989,5.6057,0.1242,percent,percent_direct
3,4,percent_direct,6,0.7106,0.2894,0.0389,0.8544,0.0,0.8117,3.7276,5.7955,,percent,percent_direct
3,4,percent_save,6,0.8153,0.18469999999999998,0.0,0.9794,0.0,0.6772,3.9742,5.6352,0.1353,percent,percent_direct
3,8,rank_direct,4,0.9989,0.0010999999999999899,0.0,0.9989,0.0009,0.7621,3.9978,3.7327,,percent,percent_direct
3,8,rank_save,4,1.0,0.0,0.0,1.0,0.002,0.761,4.0,3.7294,0.0187,percent,percent_direct
3,8,percent_direct,4,0.8373,0.16269999999999996,0.0514,0.8373,0.0,0.9203,3.6232,3.9187,,percent,percent_direct
3,8,percent_save,4,0.9812,0.01880000000000004,0.0,0.9812,0.0001,0.7709,3.9624,3.76,0.15,percent,percent_direct
3,9,rank_direct,3,0.3208,0.6792,1.0,1.0,0.0,1.0,1.0,3.0,,percent,percent_direct
3,9,rank_save,3,0.3208,0.6792,1.0,1.0,0.0,1.0,1.0,3.0,0.0,percent,percent_direct
3,9,percent_direct,3,0.3208,0.6792,1.0,1.0,0.0,1.0,1.0,3.0,,percent,percent_direct
3,9,percent_save,3,0.3208,0.6792,1.0,1.0,0.0,1.0,1.0,3.0,0.0,percent,percent_direct
4,3,rank_direct,9,0.1638,0.8362,0.0,0.39,0.0,0.2603,7.6672,7.1253,,percent,percent_direct
4,3,rank_save,9,0.0573,0.9427,0.0,0.5816,0.0019,0.1052,8.3158,6.0491,0.2893,percent,percent_direct
4,3,percent_direct,9,0.4897,0.5103,0.0748,0.1147,0.0,0.666,5.557,8.4987,,percent,percent_direct
4,3,percent_save,9,0.3962,0.6038,0.0079,0.2114,0.0,0.4078,6.5107,7.9692,0.2739,percent,percent_direct
4,4,rank_direct,8,0.5742,0.42579999999999996,0.0,0.3344,0.0,0.3649,6.617,6.771,,percent,percent_direct
4,4,rank_save,8,0.3153,0.6847,0.0,0.6342,0.0107,0.1773,7.2606,5.5411,0.3626,percent,percent_direct
4,4,percent_direct,8,0.74,0.26,0.0049,0.0773,0.0,0.5307,5.8842,7.3087,,percent,percent_direct
4,4,percent_save,8,0.6356,0.36439999999999995,0.0,0.2644,0.0002,0.3283,6.4772,6.7813,0.27,percent,percent_direct
4,5,rank_direct,7,0.8817,0.11829999999999996,0.0,0.8817,0.0,0.3154,6.8357,5.781,,percent,percent_direct
4,5,rank_save,7,0.9768,0.0232,0.0,0.9768,0.0003,0.2623,6.9703,5.5203,0.2243,percent,percent_direct
4,5,percent_direct,7,0.8109,0.18910000000000005,0.0047,0.8109,0.0001,0.3747,6.5842,5.9095,,percent,percent_direct
4,5,percent_save,7,0.9558,0.04420000000000002,0.0,0.9558,0.0002,0.2655,6.926,5.5602,0.1642,percent,percent_direct
4,7,rank_direct,6,0.7584,0.24160000000000004,0.0,0.2227,0.0014,0.4407,5.1849,5.13,,percent,percent_direct
4,7,rank_save,6,0.2118,0.7882,0.0,0.7871,0.1082,0.0704,5.7849,3.3462,0.6341,percent,percent_direct
4,7,percent_direct,6,0.7359,0.2641,0.0645,0.0885,0.0,0.6284,4.6083,5.4876,,percent,percent_direct
4,7,percent_save,6,0.6682,0.3318,0.0033,0.3002,0.0015,0.3118,5.2304,4.8414,0.348,percent,percent_direct
4,8,rank_direct,5,0.9399,0.06010000000000004,0.0,0.9399,0.0001,0.4336,4.9297,4.2082,,percent,percent_direct
4,8,rank_save,5,0.9964,0.0036000000000000476,0.0,0.9964,0.002,0.3873,4.9964,4.0754,0.0568,percent,percent_direct
4,8,percent_direct,5,0.8384,0.16159999999999997,0.0352,0.8384,0.0013,0.531,4.6241,4.3539,,percent,percent_direct
4,8,percent_save,5,0.9731,0.026900000000000035,0.0,0.9731,0.0026,0.3911,4.9542,4.1123,0.1484,percent,percent_direct
4,9,rank_direct,4,0.9895,0.010499999999999954,0.0,0.9895,0.0013,0.7768,3.9895,3.7558,,percent,percent_direct
4,9,rank_save,4,1.0,0.0,0.0,1.0,0.0034,0.7673,4.0,3.7337,0.0898,percent,percent_direct
4,9,percent_direct,4,0.821,0.17900000000000005,0.1098,0.821,0.0,0.9441,3.6014,3.9427,,percent,percent_direct
4,9,percent_save,4,0.9783,0.021700000000000053,0.0074,0.9783,0.0,0.7811,3.9635,3.7723,0.1631,percent,percent_direct
5,1,rank_direct,8,0.9328,0.06720000000000004,0.0,0.9328,0.0,0.366,7.9141,6.9074,,percent,percent_direct
5,1,rank_save,8,0.9963,0.0037000000000000366,0.0,0.9963,0.0,0.3296,7.9963,6.741,0.1419,percent,percent_direct
5,1,percent_direct,8,0.7465,0.25349999999999995,0.0062,0.7465,0.0,0.5191,6.9929,7.2937,,percent,percent_direct
5,1,percent_save,8,0.9107,0.08930000000000005,0.0,0.9107,0.0,0.3657,7.7167,6.9482,0.1863,percent,percent_direct
5,2,rank_direct,7,0.1038,0.8962,0.0,0.5346,0.0025,0.1549,6.1399,4.866,,percent,percent_direct
5,2,rank_save,7,0.0117,0.9883,0.0,0.7542,0.033,0.0278,6.7044,3.948,0.5194,percent,percent_direct
5,2,percent_direct,7,0.6099,0.3901,0.0267,0.1223,0.0,0.6864,3.6839,6.5465,,percent,percent_direct
5,2,percent_save,7,0.3711,0.6289,0.0,0.2962,0.0001,0.3429,4.8879,5.8308,0.3746,percent,percent_direct
5,3,rank_direct,6,0.9473,0.05269999999999997,0.0,0.9473,0.0,0.4222,5.9378,5.1238,,percent,percent_direct
5,3,rank_save,6,0.9944,0.005600000000000049,0.0,0.9944,0.0008,0.3928,5.994,5.0107,0.1722,percent,percent_direct
5,3,percent_direct,6,0.7768,0.22319999999999995,0.0311,0.7768,0.0,0.5662,5.3989,5.4134,,percent,percent_direct
5,3,percent_save,6,0.9374,0.06259999999999999,0.0,0.9374,0.0,0.4052,5.8726,5.1161,0.1877,percent,percent_direct
5,4,rank_direct,5,0.678,0.32199999999999995,0.0,0.2998,0.0014,0.4984,4.2759,4.312,,percent,percent_direct
5,4,rank_save,5,0.1676,0.8324,0.0,0.8318,0.1829,0.0898,4.8312,2.7993,0.7901,percent,percent_direct
5,4,percent_direct,5,0.7995,0.2005,0.036,0.0662,0.0001,0.7174,3.8201,4.6697,,percent,percent_direct
5,4,percent_save,5,0.6736,0.3264,0.0,0.3096,0.0029,0.3868,4.2881,4.1574,0.3589,percent,percent_direct
5,5,rank_direct,4,0.9024,0.09760000000000002,0.0,0.9816,0.0,0.6671,2.9816,3.6295,,percent,percent_direct
5,5,rank_save,4,0.9187,0.08130000000000004,0.0,1.0,0.0,0.6487,3.0,3.5927,0.1662,percent,percent_direct
5,5,percent_direct,4,0.8429,0.15710000000000002,0.039,0.9154,0.0,0.7275,2.8764,3.6991,,percent,percent_direct
5,5,percent_save,4,0.9125,0.08750000000000002,0.0,0.9924,0.0,0.6498,2.9924,3.6014,0.0806,percent,percent_direct
5,6,rank_direct,3,0.4716,0.5284,0.0,0.5284,0.115,0.4864,2.5284,2.3714,,percent,percent_direct
5,6,rank_save,3,0.0,1.0,0.0,1.0,0.5866,0.0148,3.0,1.4282,0.5866,percent,percent_direct
5,6,percent_direct,3,0.8931,0.1069,0.0499,0.057,0.0071,0.8957,2.0071,2.8886,,percent,percent_direct
5,6,percent_save,3,0.4707,0.5293,0.0,0.5293,0.1159,0.3827,2.5293,2.2668,0.5174,percent,percent_direct
5,9,rank_direct,2,0.0,1.0,0.0,1.0,0.9773,0.0227,2.0,1.0227,,percent,percent_direct
5,9,rank_save,2,0.0,1.0,0.0,1.0,0.9773,0.0227,2.0,1.0227,0.9773,percent,percent_direct
5,9,percent_direct,2,0.9479,0.052100000000000035,0.9479,0.0521,0.0294,0.9706,1.0521,1.9706,,percent,percent_direct
5,9,percent_save,2,0.0,1.0,0.0,1.0,0.9773,0.0227,2.0,1.0227,0.9479,percent,percent_direct
6,2,rank_direct,10,0.6905,0.3095,0.0,0.2337,0.0,0.3315,9.1281,8.7342,,percent,percent_direct
6,2,rank_save,10,0.4219,0.5781000000000001,0.0,0.5693,0.0002,0.1424,9.5581,7.4251,0.5713,percent,percent_direct
6,2,percent_direct,10,0.6599,0.34009999999999996,0.0069,0.1208,0.0,0.4554,8.494,9.1417,,percent,percent_direct
6,2,percent_save,10,0.6328,0.36719999999999997,0.0008,0.287,0.0,0.2531,9.0797,8.5183,0.3049,percent,percent_direct
6,3,rank_direct,9,0.308,0.692,0.0,0.5199,0.0,0.3435,7.065,7.2713,,percent,percent_direct
6,3,rank_save,9,0.1766,0.8234,0.0,0.7175,0.0078,0.2062,7.8694,6.1643,0.2709,percent,percent_direct
6,3,percent_direct,9,0.5292,0.4708,0.0226,0.0827,0.0,0.7108,4.9753,8.639,,percent,percent_direct
6,3,percent_save,9,0.5154,0.48460000000000003,0.0,0.2025,0.0,0.4834,5.7592,8.2417,0.2485,percent,percent_direct
6,4,rank_direct,8,0.9248,0.07520000000000004,0.0,0.9248,0.0,0.3559,7.9069,6.8248,,percent,percent_direct
6,4,rank_save,8,0.9957,0.0042999999999999705,0.0,0.9957,0.0001,0.317,7.9948,6.6385,0.0726,percent,percent_direct
6,4,percent_direct,8,0.7234,0.27659999999999996,0.0351,0.7234,0.0,0.5255,6.9748,7.2915,,percent,percent_direct
6,4,percent_save,8,0.8984,0.10160000000000002,0.0015,0.8984,0.0,0.3465,7.6983,6.8855,0.2111,percent,percent_direct
6,5,rank_direct,7,0.9537,0.04630000000000001,0.0,0.9537,0.0,0.4571,6.938,6.1602,,percent,percent_direct
6,5,rank_save,7,0.9946,0.00539999999999996,0.0,0.9946,0.0001,0.4311,6.9941,6.0494,0.1195,percent,percent_direct
6,5,percent_direct,7,0.7272,0.27280000000000004,0.031,0.7272,0.0,0.649,6.1328,6.548,,percent,percent_direct
6,5,percent_save,7,0.9088,0.09119999999999995,0.0,0.9088,0.0,0.4478,6.7979,6.2085,0.2239,percent,percent_direct
6,6,rank_direct,6,0.9792,0.02080000000000004,0.0,0.9792,0.0,0.4529,5.9573,5.1889,,percent,percent_direct
6,6,rank_save,6,0.9973,0.0027000000000000357,0.0,0.9973,0.0004,0.4381,5.9946,5.1314,0.0661,percent,percent_direct
6,6,percent_direct,6,0.7856,0.21440000000000003,0.0261,0.7856,0.0,0.6181,5.3831,5.5136,,percent,percent_direct
6,6,percent_save,6,0.9479,0.052100000000000035,0.0,0.9479,0.0007,0.4512,5.8843,5.2241,0.1849,percent,percent_direct
6,7,rank_direct,5,0.903,0.09699999999999998,0.0,0.988,0.0,0.7487,3.9874,4.72,,percent,percent_direct
6,7,rank_save,5,0.9139,0.08609999999999995,0.0,1.0,0.0,0.7377,4.0,4.6935,0.082,percent,percent_direct
6,7,percent_direct,5,0.7552,0.24480000000000002,0.057,0.823,0.0,0.9105,3.6508,4.9065,,percent,percent_direct
6,7,percent_save,5,0.8929,0.10709999999999997,0.0,0.9762,0.0,0.7465,3.9678,4.7288,0.165,percent,percent_direct
6,8,rank_direct,4,0.1472,0.8528,0.0,0.6673,0.0406,0.2189,3.5201,2.8257,,percent,percent_direct
6,8,rank_save,4,0.0,1.0,0.0,0.8607,0.2179,0.0311,3.8607,2.2672,0.5114,percent,percent_direct
6,8,percent_direct,4,0.818,0.18200000000000005,0.0578,0.0665,0.0,0.9254,2.1329,3.9202,,percent,percent_direct
6,8,percent_save,4,0.3188,0.6812,0.0,0.3722,0.0039,0.3151,3.0534,3.2325,0.6118,percent,percent_direct
6,9,rank_direct,3,0.9925,0.007499999999999951,0.0,0.9925,0.0132,0.7692,2.9925,2.756,,percent,percent_direct
6,9,rank_save,3,1.0,0.0,0.0,1.0,0.0207,0.7617,3.0,2.741,0.1061,percent,percent_direct
6,9,percent_direct,3,0.8896,0.11040000000000005,0.0613,0.8896,0.0036,0.87,2.8283,2.8664,,percent,percent_direct
6,9,percent_save,3,0.9917,0.008299999999999974,0.0,0.9917,0.0124,0.7639,2.9917,2.7515,0.1064,percent,percent_direct
7,4,rank_direct,9,0.9231,0.07689999999999997,0.0,0.9231,0.0,0.3493,8.8936,7.7399,,percent,percent_direct
7,4,rank_save,9,0.9918,0.008199999999999985,0.0,0.9918,0.0,0.3144,8.9891,7.5345,0.1618,percent,percent_direct
7,4,percent_direct,9,0.6584,0.3416,0.0418,0.6584,0.0,0.5852,7.5765,8.3834,,percent,percent_direct
7,4,percent_save,9,0.8562,0.14380000000000004,0.0016,0.8562,0.0,0.3659,8.5353,7.9224,0.2459,percent,percent_direct
7,5,rank_direct,8,0.3185,0.6815,0.0,0.6289,0.0,0.3365,6.2418,6.8299,,percent,percent_direct
7,5,rank_save,8,0.1028,0.8972,0.0,0.8755,0.0,0.146,6.7504,5.9326,0.2594,percent,percent_direct
7,5,percent_direct,8,0.6578,0.34219999999999995,0.0187,0.1719,0.0,0.6909,5.1066,7.6186,,percent,percent_direct
7,5,percent_save,8,0.458,0.542,0.0,0.4703,0.0,0.3434,5.9173,7.0303,0.3825,percent,percent_direct
7,6,rank_direct,7,0.8831,0.1169,0.0,0.8831,0.0,0.3426,6.8552,5.8528,,percent,percent_direct
7,6,rank_save,7,0.9853,0.014700000000000046,0.0,0.9853,0.0005,0.2825,6.9835,5.5806,0.1075,percent,percent_direct
7,6,percent_direct,7,0.804,0.19599999999999995,0.0194,0.804,0.0,0.4412,6.3906,6.0695,,percent,percent_direct
7,6,percent_save,7,0.9357,0.06430000000000002,0.0,0.9357,0.0,0.2992,6.8495,5.7145,0.1558,percent,percent_direct
7,7,rank_direct,6,0.3888,0.6112,0.0,0.4,0.0011,0.3714,5.0043,4.9389,,percent,percent_direct
7,7,rank_save,6,0.0102,0.9898,0.0,0.6828,0.051,0.0421,5.6726,3.6504,0.6086,percent,percent_direct
7,7,percent_direct,6,0.6871,0.31289999999999996,0.027,0.0787,0.0,0.7674,3.932,5.7204,,percent,percent_direct
7,7,percent_save,6,0.453,0.5469999999999999,0.0,0.2625,0.0,0.3258,4.7567,5.0377,0.4726,percent,percent_direct
7,8,rank_direct,5,0.9108,0.08919999999999995,0.0,0.9878,0.0,0.7234,3.9872,4.6903,,percent,percent_direct
7,8,rank_save,5,0.9223,0.07769999999999999,0.0,0.9997,0.0,0.7123,3.9997,4.6653,0.0772,percent,percent_direct
7,8,percent_direct,5,0.7949,0.20509999999999995,0.0481,0.8592,0.0,0.8451,3.7279,4.8366,,percent,percent_direct
7,8,percent_save,5,0.9089,0.09109999999999996,0.0,0.985,0.0,0.7144,3.9818,4.6838,0.1337,percent,percent_direct
7,9,rank_direct,4,0.9976,0.0023999999999999577,0.0,0.9976,0.0043,0.6448,3.9952,3.5801,,percent,percent_direct
7,9,rank_save,4,1.0,0.0,0.0,1.0,0.0067,0.6424,4.0,3.5729,0.0177,percent,percent_direct
7,9,percent_direct,4,0.8419,0.15810000000000002,0.0398,0.8419,0.0005,0.7869,3.644,3.77,,percent,percent_direct
7,9,percent_save,4,0.979,0.02100000000000002,0.0,0.979,0.0013,0.6507,3.958,3.6076,0.1434,percent,percent_direct
8,2,rank_direct,11,0.4363,0.5637,0.0,0.4767,0.0,0.3401,8.9352,9.6303,,percent,percent_direct
8,2,rank_save,11,0.1564,0.8436,0.0,0.7909,0.0,0.1637,9.5791,8.3545,0.461,percent,percent_direct
8,2,percent_direct,11,0.5272,0.4728,0.0014,0.1887,0.0,0.5689,7.6853,10.3981,,percent,percent_direct
8,2,percent_save,11,0.4926,0.5074000000000001,0.0,0.3461,0.0,0.3557,8.464,9.917,0.2691,percent,percent_direct
8,3,rank_direct,10,0.7961,0.20389999999999997,0.0,0.1064,0.0,0.3271,8.9638,8.6453,,percent,percent_direct
8,3,rank_save,10,0.5561,0.44389999999999996,0.0,0.4251,0.001,0.1541,9.4026,7.2685,0.4655,percent,percent_direct
8,3,percent_direct,10,0.6386,0.36140000000000005,0.0189,0.1454,0.0,0.411,8.4895,8.7983,,percent,percent_direct
8,3,percent_save,10,0.6057,0.3943,0.0015,0.3214,0.0,0.1965,9.1585,7.843,0.3231,percent,percent_direct
8,5,rank_direct,7,0.4451,0.5549,0.0,0.3861,0.0002,0.3715,5.9019,5.9184,,percent,percent_direct
8,5,rank_save,7,0.0905,0.9095,0.0,0.6424,0.0188,0.0723,6.5495,4.6048,0.6919,percent,percent_direct
8,5,percent_direct,7,0.6545,0.34550000000000003,0.0785,0.087,0.0,0.7344,4.7529,6.6815,,percent,percent_direct
8,5,percent_save,7,0.5211,0.4789,0.0068,0.2544,0.0001,0.3243,5.6146,6.0247,0.4322,percent,percent_direct
8,7,rank_direct,6,0.9488,0.05120000000000002,0.0,0.9488,0.0,0.4568,5.9346,5.2212,,percent,percent_direct
8,7,rank_save,6,0.9926,0.007399999999999962,0.0,0.9926,0.0004,0.4243,5.9924,5.1096,0.0581,percent,percent_direct
8,7,percent_direct,6,0.775,0.22499999999999998,0.0363,0.775,0.0003,0.6213,5.3648,5.5076,,percent,percent_direct
8,7,percent_save,6,0.9388,0.06120000000000003,0.0,0.9388,0.0008,0.4353,5.8807,5.2006,0.1949,percent,percent_direct
8,8,rank_direct,5,0.6778,0.32220000000000004,0.0,0.3218,0.0008,0.5704,4.321,4.4497,,percent,percent_direct
8,8,rank_save,5,0.0308,0.9692,0.0,0.9692,0.208,0.0243,4.9692,2.5996,0.9293,percent,percent_direct
8,8,percent_direct,5,0.7719,0.22809999999999997,0.0501,0.0752,0.0,0.8738,3.7193,4.8604,,percent,percent_direct
8,8,percent_save,5,0.6442,0.3558,0.0,0.3375,0.0005,0.4908,4.3009,4.3558,0.3871,percent,percent_direct
8,9,rank_direct,4,0.6332,0.3668,0.0,0.3571,0.0077,0.5599,3.3474,3.4602,,percent,percent_direct
8,9,rank_save,4,0.0433,0.9567,0.0,0.9567,0.3345,0.0108,3.9567,1.9847,0.941,percent,percent_direct
8,9,percent_direct,4,0.8409,0.15910000000000002,0.0458,0.0638,0.0011,0.8512,2.9227,3.8346,,percent,percent_direct
8,9,percent_save,4,0.5825,0.4175,0.0,0.412,0.0171,0.422,3.4065,3.247,0.433,percent,percent_direct
8,10,rank_direct,3,0.9818,0.018199999999999994,0.0,0.9818,0.0232,0.6975,2.9818,2.6743,,percent,percent_direct
8,10,rank_save,3,1.0,0.0,0.0,1.0,0.0414,0.6793,3.0,2.6379,0.1867,percent,percent_direct
8,10,percent_direct,3,0.8978,0.10219999999999996,0.0504,0.8978,0.0177,0.7796,2.8474,2.7619,,percent,percent_direct
8,10,percent_save,3,0.9926,0.007399999999999962,0.0,0.9926,0.034,0.6815,2.9926,2.6475,0.0983,percent,percent_direct
9,2,rank_direct,11,0.9133,0.0867,0.0,0.9133,0.0,0.3003,10.7351,9.4918,,percent,percent_direct
9,2,rank_save,11,0.9711,0.028900000000000037,0.0,0.9711,0.0,0.2675,10.9133,9.225,0.0806,percent,percent_direct
9,2,percent_direct,11,0.5074,0.49260000000000004,0.0223,0.5074,0.0,0.6059,8.5909,10.4585,,percent,percent_direct
9,2,percent_save,11,0.7337,0.2663,0.0011,0.7337,0.0,0.3473,9.9872,9.9187,0.3194,percent,percent_direct
9,4,rank_direct,9,0.561,0.43899999999999995,0.0,0.386,0.0,0.3486,7.3127,7.8521,,percent,percent_direct
9,4,rank_save,9,0.217,0.783,0.0,0.7748,0.0,0.1149,7.7658,6.6147,0.6915,percent,percent_direct
9,4,percent_direct,9,0.6362,0.3638,0.0136,0.1763,0.0,0.5178,6.7335,8.2693,,percent,percent_direct
9,4,percent_save,9,0.4623,0.5377000000000001,0.0013,0.4875,0.0,0.2137,7.3858,7.469,0.429,percent,percent_direct
9,5,rank_direct,8,0.5863,0.41369999999999996,0.0,0.3183,0.0,0.4365,6.6057,7.011,,percent,percent_direct
9,5,rank_save,8,0.3396,0.6604,0.0,0.604,0.0101,0.2351,7.2045,5.8569,0.3863,percent,percent_direct
9,5,percent_direct,8,0.6442,0.3558,0.0246,0.0719,0.0,0.7127,5.6059,7.6504,,percent,percent_direct
9,5,percent_save,8,0.6683,0.3317,0.0,0.197,0.0,0.4499,6.2961,7.2234,0.2905,percent,percent_direct
9,8,rank_direct,3,0.9386,0.06140000000000001,0.0,1.0,0.0,0.8518,2.0,2.8518,,percent,percent_direct
9,8,rank_save,3,0.9386,0.06140000000000001,0.0,1.0,0.0,0.8518,2.0,2.8518,0.0,percent,percent_direct
9,8,percent_direct,3,0.9067,0.09330000000000005,0.0343,0.9657,0.0,0.8861,1.9657,2.8861,,percent,percent_direct
9,8,percent_save,3,0.9386,0.06140000000000001,0.0,1.0,0.0,0.8518,2.0,2.8518,0.0343,percent,percent_direct
